,Customer_ID,Age,Annual_Income,Account_Balance,Credit_Score,Tenure_Years,City,Segment,Channel,Join_Date,Active,Risk_Level,Monthly_Spend,Transactions,Satisfaction_Score
0,101317,55,44033,111350.85,772,3,Bangalore,SME,Agent,2022-08-15 0:00:00,Yes,Low,23066.19,135,3.1
1,101001,32,215546,254378.37,374,8,Delhi,Retail,Agent,2025-01-11 0:00:00,Yes,High,,106,8.2
2,101069,23,226403,159975.42,668,12,Chennai,Premium,Agent,2024-08-01 0:00:00,No,Medium,28536.34,146,6.3
3,101968,66,87824,295741.6,315,14,Mumbai,Premium,Agent,2021-05-15 0:00:00,Yes,High,12869.71,115,9.7
4,100530,67,31570,242423.78,370,4,bangalore,Retail,Agent,2026-02-03 0:00:00,No,High,34163.02,94,3.7
5,101334,68,37087,180084.44,738,1,Chennai,Premium,Agent,2023-06-04 0:00:00,Yes,Low,15121.16,6,8.5
6,100415,47,67229,99629.81,464,4,Chennai,Retail,Online,2024-01-16 0:00:00,Yes,High,17655.61,31,2.8
7,100983,65,,61030.94,554,15,Kolkata,SME,Agent,2024-06-26 0:00:00,Yes,Medium,1720.85,139,9.7
8,100417,63,153267,221707.97,508,5,Hyderabad,Premium,Mobile,2025-03-12 0:00:00,Yes,High,38043.07,76,7.1
9,101472,42,missing,41126.84,556,3,Kolkata,Corporate,Mobile,2021-10-07 0:00:00,Yes,Medium,11472.36,124,9.1
10,101525,47,178741,22931.96,341,1,Hyderabad,Retail,Mobile,2023-03-02 0:00:00,Yes,High,,78,5.6
11,101576,25,93673,65086.87,477,13,Bangalore,Premium,Online,2025-11-22 0:00:00,Yes,High,24777.75,56,8.1
12,100252,66,108309,216944.85,643,10,Chennai,Corporate,Mobile,2021-06-25 0:00:00,No,Medium,9746.99,15,3.9
13,101622,22,106816,70169.08,542,4,Kolkata,Premium,Mobile,2025-11-19 0:00:00,Yes,High,32337.34,66,3.1
14,100071,52,missing,119810.62,443,13,,Premium,Branch,2025-08-26 0:00:00,Yes,High,48482.81,18,9.1
15,101107,45,53671,290179.08,693,4,Pune,SME,Agent,2024-05-05 0:00:00,No,Medium,49870.37,31,4.4
16,101363,27,192132,193980.13,746,12,Kolkata,SME,Agent,2022-01-07 0:00:00,No,Low,7111.13,110,9.1
17,100351,53,108186,31442.42,314,0,Hyderabad,Corporate,Mobile,2022-05-25 0:00:00,,High,24056.68,121,9.2
18,101392,53,193933,250519.78,315,9,,Retail,Agent,2022-10-07 0:00:00,Yes,High,32432.32,95,9.3
19,101088,64,175949,65169.27,701,1,Hyderabad,Premium,Agent,2023-08-10 0:00:00,No,Low,19941.13,118,7.5
20,100066,64,158541,246003.79,725,4,Mumbai,SME,Agent,,Yes,Low,21272.91,43,4.4
21,100980,47,103213,225791.49,760,8,Bangalore,Corporate,Branch,2022-02-13 0:00:00,No,Low,2808.48,64,9.6
22,100125,34,206264,277691.2,311,14,Hyderabad,SME,Online,2025-04-23 0:00:00,Yes,High,37670.96,128,9.8
23,101269,55,185811,84575.71,762,9,Delhi,SME,Agent,2021-11-17 0:00:00,No,Low,13856.76,57,9.6
24,101682,53,154951,39589.6,397,7,Pune,Retail,Agent,2025-03-06 0:00:00,Yes,High,3974.73,132,6.1
25,101316,68,133777,167629.78,355,9,Chennai,SME,Branch,2026-03-02 0:00:00,Yes,High,11725.09,74,6.6
26,100544,40,160542,153816.07,597,2,Kolkata,Retail,Agent,2022-06-21 0:00:00,Yes,Medium,20975.42,18,8.9
27,100874,not_available,116878,missing,674,1,Kolkata,Corporate,Mobile,2023-04-30 0:00:00,NO,Medium,5694.49,75,
28,101492,70,206129,29621.16,747,13,Bangalore,Retail,Online,2024-09-13 0:00:00,Yes,Low,33012.7,129,6.6
29,101944,73,51649,249961.31,485,11,Hyderabad,Retail,Online,2025-11-11 0:00:00,,High,5388.27,45,2.0
30,101621,64,125417,97303.74,487,10,Pune,Retail,Agent,2024-06-02 0:00:00,Yes,High,15808.18,80,8.2
31,100375,65,104561,221128.97,433,1,Delhi,Corporate,Branch,2021-01-31 0:00:00,Yes,High,12395.98,14,5.7
32,101248,23,170643,269471.42,503,3,Hyderabad,SME,Agent,2024-04-20 0:00:00,0,High,18854.81,-,6.5
33,100213,18,-,950.35,524,14,Hyderabad,Retail,Agent,2025-04-10 0:00:00,No,High,39000.68,80,
34,100945,27,143947,295874,554,9,Delhi,Retail,Online,2023-08-04 0:00:00,Yes,Medium,42573.8,16,
35,100325,66,169701,,429,9,Mumbai,Corporate,Branch,2023-08-27 0:00:00,No,High,17572.01,128,3.9
36,100030,29,abc,89018.29,389,3,Chennai,SME,Mobile,2024-12-07 0:00:00,Yes,High,24646.77,64,1.0
37,101836,25,151498,226900.28,805,3,Delhi,Retail,Agent,2021-07-22 0:00:00,Yes,Low,37514.38,111,2.9
38,100781,18,90108,605.56,377,6,Hyderabad,Retail,Online,2024-03-24 0:00:00,Yes,High,18323.24,78,6.5
39,100290,46,239941,136184.05,820,14,Mumbai,Premium,Branch,2021-05-12 0:00:00,Yes,Low,4394.84,7,5.0
40,101264,34,204761,262621.69,432,8,Chennai,Retail,Branch,2021-11-18 0:00:00,No,High,2794.49,38,7.9
41,100496,42,206180,122002.22,829,6,Bangalore,Retail,Branch,2025-07-11 0:00:00,No,Low,5019.79,not_available,5.3
42,100271,21,64499,abc,845,12,chennai,Premium,Agent,2022-03-10 0:00:00,Yes,Low,42189.4,98,6.4
43,100965,25,56822,229440.29,661,0,chennai,Premium,Branch,2023-08-22 0:00:00,Yes,Medium,23395.48,88,5.1
44,100353,57,187962,115536.04,791,7,Pune,Retail,Agent,2022-01-25 0:00:00,No,Low,19727.15,111,8.0
45,100101,33,169059,228572.05,639,15,Pune,Retail,Mobile,2024-10-04 0:00:00,Yes,Medium,,148,6.1
46,100737,33,,234298.77,836,7,Hyderabad,Retail,Mobile,2024-09-02 0:00:00,Yes,Low,803.37,13,9.8
47,100255,45,131661,7349.53,452,6,Delhi,Corporate,Branch,2025-07-30 0:00:00,Yes,High,49132.89,85,9.5
48,101423,21,109045,42676.57,671,9,Bangalore,Retail,Branch,2022-08-13 0:00:00,No,Medium,,62,8.1
49,100586,29,216648,88708.4,360,0,Pune,Premium,Branch,2025-11-27 0:00:00,Yes,High,45983.18,103,6.8
50,100553,51,135677,297732.69,835,6,Bangalore,Premium,Agent,2021-08-18 0:00:00,No,Low,3114.82,132,5.9
51,100744,56,135641,3444.2,456,2,kolkata,Corporate,Online,2023-11-13 0:00:00,No,High,19483.7,141,9.6
52,100057,31,239696,41661.4,677,2,Bangalore,,Branch,2022-12-06 0:00:00,YES,Medium,47955.19,115,7.7
53,100394,68,139225,9426.55,478,15,Pune,Premium,Branch,2022-06-28 0:00:00,Yes,High,17597.13,84,1.2
54,101365,27,172159,201009.76,831,4,Bangalore,Corporate,Mobile,2023-06-12 0:00:00,No,Low,37462.72,84,9.9
55,100939,20,161728,unknown,481,2,pune,Retail,Branch,2021-02-25 0:00:00,Yes,High,47965.78,14,1.3
56,101002,44,-,163675.55,341,12,Delhi,Premium,Branch,2021-08-23 0:00:00,No,High,17262.66,35,7.3
57,101024,37,37411,189596.6,608,9,Mumbai,Corporate,Mobile,2021-07-28 0:00:00,Yes,Medium,35753.31,17,4.4
58,101713,38,,122314.73,682,12,Kolkata,Retail,Online,2026-01-25 0:00:00,Yes,Medium,,50,2.1
59,100681,52,206187,4818.56,728,9,Kolkata,Corporate,Agent,2023-12-01 0:00:00,Yes,High,40965.31,112,1.2
60,101564,45,70232,204405.9,542,14,pune,Corporate,Branch,2022-11-04 0:00:00,Yes,High,29657.43,57,9.4
61,101524,49,136487,223553.85,688,5,Hyderabad,Corporate,Branch,2023-02-20 0:00:00,No,Medium,44026.51,9,3.4
62,101898,46,79869,127781.31,504,15,Bangalore,SME,Branch,2022-07-22 0:00:00,Yes,High,unknown,13,5.6
63,100614,62,76924,61073.51,510,1,Bangalore,Premium,Branch,2021-11-23 0:00:00,Yes,High,26310.39,59,4.4
64,100535,73,64062,73742.23,805,9,Bangalore,,Online,,Yes,Low,40051.01,9,4.3
65,100308,,76047,81464.11,490,1,Mumbai,Retail,Online,2022-11-08 0:00:00,Yes,High,44125.58,118,2.6
66,100969,,245171,232946.79,554,14,Pune,Corporate,Branch,2021-04-17 0:00:00,Yes,Medium,18338.72,140,5.6
67,101469,58,42069,abc,560,14,Kolkata,Premium,Agent,2023-11-07 0:00:00,Yes,Medium,4691.16,63,9.4
68,101936,21,245460,210129.54,773,0,bangalore,SME,Online,2023-07-15 0:00:00,Yes,Low,23216.37,135,4.6
69,100549,75,130823,17310.88,710,15,Hyderabad,Premium,Agent,2024-12-16 0:00:00,Yes,Low,22031.72,16,2.0
70,101126,75,178686,5144.93,446,14,pune,Premium,Agent,2024-12-28 0:00:00,No,High,45017.3,29,7.7
71,100412,34,54426,110320.1,422,4,Chennai,SME,Mobile,2021-04-30 0:00:00,No,High,33610.56,72,5.7
72,101407,63,181123,196015.05,725,1,Pune,Retail,Agent,2021-04-22 0:00:00,No,Low,20009.6,13,5.3
73,101419,29,,104065.79,338,11,Bangalore,Premium,Online,2022-07-01 0:00:00,Yes,High,43147.43,131,3.1
74,101250,73,214013,22943.99,534,8,Chennai,Corporate,Mobile,2022-09-18 0:00:00,Yes,High,11686.34,108,1.3
75,101952,69,218016,165141.53,829,10,Kolkata,Corporate,Online,2023-09-08 0:00:00,Yes,Low,38451.54,10,6.0
76,100257,40,31154,164739.1,807,6,Mumbai,Premium,Agent,2025-04-07 0:00:00,Yes,Low,47849.17,23,9.1
77,101086,74,51035,224351.57,713,7,,Premium,Online,2022-05-15 0:00:00,Yes,Low,42890.52,36,5.2
78,100731,42,244861,61620.42,607,0,Hyderabad,Premium,Branch,2022-08-11 0:00:00,Yes,Medium,25818.6,76,1.5
79,101495,66,165905,27650.39,357,10,Hyderabad,Retail,Online,2021-11-01 0:00:00,Yes,High,16283.16,22,6.5
80,101857,20,232020,267360.02,547,8,Kolkata,Premium,Agent,2023-01-05 0:00:00,Yes,High,,37,2.6
81,100345,50,236957,202832.47,617,3,Delhi,Corporate,Online,2023-04-05 0:00:00,Yes,Medium,2057.13,63,5.5
82,101180,38,234112,136073.7,582,6,Hyderabad,Retail,Mobile,2022-08-30 0:00:00,Yes,Medium,5841.33,102,5.6
83,101424,22,141859,missing,822,13,Delhi,Corporate,Branch,2023-06-17 0:00:00,Yes,Low,,119,4.7
84,101890,49,188834,,753,0,Kolkata,Premium,Agent,,YES,Low,17796.54,147,
85,101186,47,71857,264484.69,672,1,Bangalore,SME,Mobile,2024-12-21 0:00:00,Yes,Medium,17084.93,17,8.5
86,101478,35,179324,13574.76,610,9,Kolkata,Corporate,Mobile,2025-10-16 0:00:00,Yes,High,9815.12,37,3.9
87,101994,30,212116,34943.35,not_available,15,Delhi,Retail,Mobile,2024-02-04 0:00:00,Yes,Low,38054.36,101,5.9
88,101780,47,112969,229748.71,398,10,Bangalore,SME,Online,2024-10-08 0:00:00,Yes,High,21240.19,80,7.6
89,100300,24,100897,35986.11,378,13,Mumbai,SME,Mobile,2024-12-20 0:00:00,Yes,High,24578.08,75,4.4
90,101119,64,32099,267513.26,444,7,Mumbai,Retail,Agent,2023-09-28 0:00:00,No,High,24085.92,24,
91,101926,65,97692,179578.53,579,9,Pune,,Branch,2021-08-21 0:00:00,Yes,Medium,16309.51,33,1.9
92,101300,22,120081,153869.12,437,2,Delhi,SME,Online,2022-04-06 0:00:00,Yes,High,17677.89,76,5.4
93,100070,64,73874,25317.71,384,1,Bangalore,Retail,Online,2022-08-24 0:00:00,Yes,High,21869.3,48,2.0
94,101568,46,234093,131453.01,598,5,Bangalore,SME,Branch,2023-12-29 0:00:00,No,Medium,32808.11,112,9.5
95,100573,54,104134,97901.53,770,7,hyderabad,Premium,Mobile,2025-10-29 0:00:00,Yes,Low,30755.11,121,5.9
96,101884,51,153202,96008.19,554,6,,SME,Branch,2024-02-10 0:00:00,Yes,Medium,35388.8,74,1.8
97,101152,62,184210,not_available,536,11,Hyderabad,Premium,Branch,,No,High,18587.6,90,2.5
98,101477,24,70603,106539.49,507,3,Pune,Retail,Branch,2025-06-06 0:00:00,No,High,40479.15,20,5.6
99,100880,44,221133,154927.32,,12,Hyderabad,SME,Mobile,2021-05-08 0:00:00,No,Medium,33578.84,6,9.1
100,101768,60,162488,234275.81,not_available,1,Mumbai,Premium,Agent,,Yes,Medium,48286.74,100,4.0
101,100819,73,226659,61207.4,566,3,Mumbai,Corporate,Online,2024-02-19 0:00:00,Yes,Medium,33884.83,15,9.6
102,100481,25,80204,,689,6,Pune,Premium,Agent,2021-09-29 0:00:00,No,Medium,16696.4,75,2.4
103,100100,,228617,13433.54,421,11,,SME,Online,2022-03-06 0:00:00,,High,32979.41,112,3.4
104,100608,36,42772,159606.5,639,9,Hyderabad,SME,Online,2024-10-03 0:00:00,No,Medium,23669.24,86,1.4
105,100742,59,152834,282381.73,741,2,Delhi,Premium,Mobile,2024-10-15 0:00:00,No,Low,4209.73,140,5.4
106,101631,37,43658,234056.78,794,3,Pune,SME,Branch,2022-04-21 0:00:00,Yes,Low,23576.42,9,6.9
107,101665,71,105257,64109.44,471,14,Bangalore,Retail,Mobile,2023-02-21 0:00:00,No,High,37455.05,120,5.1
108,100562,33,49089,251944.85,712,10,Pune,Corporate,Agent,2023-01-27 0:00:00,Yes,Low,15240.46,40,3.8
109,100112,32,169353,159325.6,missing,2,,Corporate,Branch,2022-05-17 0:00:00,No,Medium,31838.79,71,3.2
110,101023,34,123723,111972.35,820,2,Bangalore,Premium,Agent,2022-05-13 0:00:00,Yes,Low,30264.76,136,1.8
111,100240,66,154749,13248.58,433,11,Kolkata,Retail,Mobile,2021-08-18 0:00:00,Y,High,40317.62,47,9.7
112,101212,47,63714,180911.87,510,13,hyderabad,Retail,Branch,2025-10-31 0:00:00,Yes,High,18374.17,144,
113,100129,50,unknown,44118.56,667,13,Pune,Corporate,Online,2025-08-11 0:00:00,No,Medium,45092.96,115,8.7
114,101972,23,241997,137232.92,527,1,Hyderabad,Premium,Online,2024-07-20 0:00:00,Yes,High,22354.58,77,6.6
115,101950,42,114906,92171.69,745,7,Hyderabad,Corporate,Branch,2021-03-05 0:00:00,Yes,Low,,109,1.5
116,100508,60,,106512.32,460,11,Mumbai,Corporate,Branch,2022-06-26 0:00:00,Yes,High,11060.66,62,4.8
117,101905,64,60292,147616.35,460,12,Pune,Premium,Branch,2021-12-24 0:00:00,Yes,High,41708.23,24,6.2
118,101259,19,169129,234166.81,516,9,Bangalore,Retail,Online,,Yes,High,29836.6,38,1.8
119,101960,62,55795,49815.76,822,3,Kolkata,Corporate,Online,,Yes,Low,3051.97,90,
120,100707,42,abc,150454.64,431,15,Hyderabad,Premium,Online,2024-09-27 0:00:00,Yes,High,44710.37,71,4.1
121,101826,39,abc,297436.07,650,7,Kolkata,Retail,Branch,2024-11-27 0:00:00,,Medium,29851.24,5,5.0
122,101672,46,,94111.95,728,12,Hyderabad,SME,Online,2021-02-14 0:00:00,,Low,12699.76,19,4.1
123,100520,49,157311,288050.34,317,8,Delhi,Corporate,Mobile,2022-12-04 0:00:00,Yes,High,36026.32,32,1.3
124,100987,54,228218,153168.54,599,1,Hyderabad,Corporate,Agent,2023-08-28 0:00:00,No,Medium,34834.92,86,2.8
125,100941,40,99520,80280.24,638,1,Delhi,Retail,Online,2024-08-09 0:00:00,NO,Medium,18509.34,36,7.0
126,101827,75,239369,218051.65,598,6,Mumbai,Premium,Mobile,,Yes,Medium,6476.55,123,6.5
127,100904,67,115517,95582.69,588,6,Bangalore,SME,Agent,2023-05-09 0:00:00,No,Medium,12452.48,103,5.7
128,101108,40,147811,247995.62,821,7,Pune,Premium,Online,2024-12-07 0:00:00,No,Low,43695.52,36,7.7
129,101064,35,209492,133157.76,751,2,Delhi,Retail,Agent,2024-08-25 0:00:00,No,Low,25254.57,19,5.4
130,100965,25,56822,229440.29,661,0,chennai,Premium,Branch,2023-08-22 0:00:00,Yes,Medium,23395.48,88,5.1
131,100367,33,231789,219148.91,472,1,Bangalore,Premium,Online,2025-10-31 0:00:00,No,High,7201.24,146,4.1
132,101422,65,186326,83438.75,328,10,Mumbai,Corporate,Mobile,,Yes,High,-,52,8.9
133,100675,74,70379,missing,400,10,Hyderabad,Retail,Branch,2022-01-25 0:00:00,Yes,High,18239.2,3,9.8
134,101813,43,78798,119365.25,596,10,Hyderabad,Retail,Agent,2022-09-16 0:00:00,Yes,Medium,23947.71,111,1.2
135,101513,57,149302,72021.22,313,1,Hyderabad,Premium,Online,2022-04-24 0:00:00,Yes,High,48897.31,4,2.3
136,100597,40,139044,218024.77,751,3,Hyderabad,Premium,Agent,2021-12-29 0:00:00,No,Low,44261.47,132,6.5
137,101197,57,94519,274701.67,606,12,chennai,Retail,Branch,2025-11-14 0:00:00,Yes,Medium,29023.36,149,9.7
138,101527,66,176716,238178.82,357,10,Delhi,Retail,Mobile,2025-06-11 0:00:00,Yes,High,28654.07,146,6.4
139,100465,46,227332,206999.92,656,6,Delhi,Corporate,Online,2024-08-14 0:00:00,Yes,Medium,6078.54,123,7.0
140,101677,28,150147,,760,15,Mumbai,Retail,Online,2021-01-17 0:00:00,0,High,2281.5,73,7.5
141,101803,54,227978,186819.68,671,9,,SME,Branch,2023-08-09 0:00:00,No,Medium,29640.24,119,2.7
142,101053,49,161614,115863.6,681,12,Pune,Retail,Mobile,2023-01-12 0:00:00,NO,Medium,41850.44,39,1.2
143,101975,71,249977,124488.13,582,6,Hyderabad,Premium,Online,2024-12-29 0:00:00,Yes,Medium,27202,32,3.8
144,100486,68,248536,269302.4,464,9,Delhi,SME,Agent,2022-05-16 0:00:00,No,High,,110,7.1
145,100916,28,59594,88782.87,735,8,Pune,Corporate,Agent,2023-06-12 0:00:00,Yes,Low,20085.66,8,9.8
146,100129,50,unknown,44118.56,667,13,Pune,Corporate,Online,2025-08-11 0:00:00,No,Medium,45092.96,115,8.7
147,100679,26,71413,116171.18,465,1,Pune,Corporate,Branch,2023-06-13 0:00:00,No,High,40134.29,52,3.9
148,100830,-,99069,127431.46,468,11,Hyderabad,Corporate,Branch,2023-05-24 0:00:00,No,High,14009.63,126,5.9
149,100923,30,208362,222187.84,460,7,Mumbai,SME,Branch,2025-06-23 0:00:00,Yes,High,42163.74,1,8.5
150,101113,43,,1715.57,691,3,,Retail,Branch,2023-11-25 0:00:00,Yes,High,18930.72,44,9.1
151,100619,72,125494,57335.61,709,11,Mumbai,Retail,Mobile,2025-11-22 0:00:00,Yes,Low,,23,4.3
152,100772,19,82993,192489.57,553,8,Bangalore,Corporate,Branch,2023-09-01 0:00:00,No,Medium,47687.97,37,8.1
153,101287,18,126604,206111.75,625,11,Chennai,Corporate,Agent,2022-04-24 0:00:00,,Medium,40097.38,138,9.7
154,101545,47,185372,22970.48,511,13,Pune,Premium,Agent,2023-07-25 0:00:00,No,High,42680.91,89,9.5
155,100594,50,222096,28515.91,626,4,Kolkata,Corporate,Branch,2021-11-29 0:00:00,Yes,Medium,22761.5,127,9.1
156,100116,24,182732,31577.76,707,9,Pune,Corporate,Mobile,2022-07-07 0:00:00,No,Low,,83,6.1
157,100768,26,189827,208739.24,386,4,Mumbai,Corporate,Branch,2021-10-29 0:00:00,Yes,High,21006.7,145,8.5
158,101858,54,204526,4090.21,601,11,Delhi,Corporate,Branch,2021-05-05 0:00:00,Yes,High,40940.68,24,4.2
159,100901,27,,112056.05,776,12,Hyderabad,SME,Online,2025-10-14 0:00:00,Yes,Low,2738.87,131,9.1
160,101947,28,238397,188435.86,658,2,Chennai,SME,Branch,2022-09-10 0:00:00,Yes,Medium,38337.81,63,8.3
161,101441,missing,217402,1507.97,580,14,Kolkata,Retail,Mobile,2021-07-10 0:00:00,Yes,High,,146,4.1
162,101791,72,53795,75324.03,525,14,Pune,Corporate,Agent,2021-02-21 0:00:00,Yes,High,8063.89,2,8.3
163,100889,65,240400,277368.32,317,14,Mumbai,Retail,Mobile,2021-02-10 0:00:00,No,High,3791.29,99,3.6
164,100212,50,224988,17841.47,762,6,Mumbai,Retail,Mobile,2023-10-23 0:00:00,No,Low,49510.43,67,5.0
165,100451,40,92649,254158.33,535,0,hyderabad,SME,Agent,2024-04-10 0:00:00,Yes,High,13314.99,16,3.3
166,101177,50,182261,205618.6,614,0,Chennai,Retail,Agent,2021-07-25 0:00:00,Yes,Medium,38832.73,14,3.1
167,100706,65,88646,244923.24,456,3,Bangalore,Premium,Mobile,2022-09-26 0:00:00,Yes,High,48676.41,49,6.6
168,101286,52,81447,167873.66,377,6,Delhi,Premium,Branch,2024-11-08 0:00:00,No,High,19055.19,144,1.2
169,101095,53,28191,257436.12,599,4,Bangalore,Retail,Mobile,2023-10-10 0:00:00,Y,Medium,22096.32,119,6.1
170,100211,56,192516,298836.88,790,7,Delhi,Corporate,Agent,2022-06-24 0:00:00,Yes,Low,38230.42,101,9.2
171,100121,25,108807,159573.81,790,0,Mumbai,SME,Branch,2022-03-26 0:00:00,No,Low,20132.14,123,6.4
172,101376,73,41029,64650.23,634,0,Hyderabad,Retail,Agent,,No,Medium,25113.65,118,5.0
173,101641,,162924,149068.66,569,6,Delhi,Corporate,Online,2023-08-11 0:00:00,Yes,Medium,42073.05,134,4.3
174,101714,45,172226,37669.67,461,13,Kolkata,,Mobile,2024-07-09 0:00:00,Yes,High,38576.94,64,6.3
175,100298,37,179470,86991.04,546,9,Mumbai,Retail,Mobile,2021-01-15 0:00:00,,High,32325.09,114,7.1
176,100788,21,80754,2004.64,577,14,Chennai,Retail,Branch,,No,High,31904.78,83,5.7
177,100136,24,193639,,489,1,Mumbai,Corporate,Online,2022-03-09 0:00:00,Yes,High,37907.64,32,5.2
178,100484,31,40563,259188.47,747,6,mumbai,Retail,Online,,Yes,Low,13302.69,60,1.7
179,101934,74,74879,272320.63,827,0,Bangalore,SME,Agent,2024-04-30 0:00:00,Yes,Low,28313.96,6,5.3
180,100299,49,75861,168986.68,560,2,,Retail,Branch,2021-05-26 0:00:00,Yes,Medium,43125.95,92,4.0
181,100395,71,141400,220860.13,411,14,Kolkata,SME,Online,2026-03-13 0:00:00,Yes,High,20846.52,73,4.5
182,101165,59,134787,292274.3,497,15,Pune,SME,Branch,2022-01-15 0:00:00,N,High,23242.22,3,9.6
183,101345,46,223436,182982.47,419,11,Delhi,Premium,Online,2024-03-24 0:00:00,No,High,20839.55,not_available,7.5
184,100803,30,136335,,368,1,Chennai,Premium,Branch,2025-07-05 0:00:00,No,High,29171.39,94,7.5
185,100985,40,85545,85652.63,635,8,Hyderabad,SME,Online,2022-05-04 0:00:00,Yes,Medium,46658.55,67,5.2
186,100110,58,243344,30377.97,633,8,Pune,SME,Agent,2023-12-30 0:00:00,No,Medium,38853.97,79,6.0
187,100991,28,67913,4010.3,820,11,Delhi,Premium,Branch,2022-03-23 0:00:00,No,High,5466.39,93,7.9
188,100620,19,165180,93025.36,760,10,chennai,Premium,Agent,2021-03-21 0:00:00,Yes,Low,35779.54,30,4.4
189,100555,71,203486,172152.38,730,6,Mumbai,Corporate,Online,2025-12-14 0:00:00,Yes,Low,41334.87,123,
190,100423,41,44975,164514.61,745,3,Mumbai,,Online,2023-10-27 0:00:00,yes,Low,3057.28,32,2.6
191,100760,61,42014,164881.88,367,9,Bangalore,SME,Agent,2025-08-04 0:00:00,Yes,High,28494.18,79,6.2
192,100600,71,,247436.36,626,11,Hyderabad,Retail,Online,2021-02-20 0:00:00,0,Medium,11640.39,115,3.9
193,101010,32,122359,133916.07,606,7,Mumbai,Corporate,Mobile,2022-10-01 0:00:00,Yes,Medium,37465.14,71,8.1
194,100234,49,207099,238018.2,700,1,,Retail,Online,2026-02-25 0:00:00,yes,Low,37071.96,73,10.0
195,101489,24,44675,24820.21,832,12,Kolkata,Premium,Online,2025-09-12 0:00:00,Yes,Low,43622.93,28,4.5
196,100603,51,61321,13620.98,733,6,Pune,SME,Branch,2026-03-09 0:00:00,yes,High,26611.97,24,7.7
197,100967,43,65108,231896.02,715,2,Delhi,Premium,Branch,2025-03-15 0:00:00,,Low,33421.33,91,3.3
198,101176,74,163051,18181.47,341,1,Delhi,,Agent,2022-08-03 0:00:00,Yes,High,,44,7.6
199,100307,57,87768,216516.47,795,15,Kolkata,Corporate,Branch,2025-10-27 0:00:00,No,Low,32050.85,77,5.8
200,100368,58,130361,194313.95,306,8,Mumbai,Premium,Agent,2025-10-20 0:00:00,Yes,High,8205.97,18,5.9
201,100758,not_available,51160,222048.41,600,11,Delhi,SME,Agent,2022-11-18 0:00:00,Yes,Medium,8466.38,84,8.1
202,101984,59,185105,89208.46,762,9,Pune,Corporate,Mobile,2023-06-01 0:00:00,Yes,Low,46466.01,121,9.0
203,101583,50,94286,155482.85,837,7,Kolkata,SME,Mobile,2024-11-02 0:00:00,No,Low,49648.72,95,7.6
204,101074,43,54300,247775.31,343,14,Delhi,Corporate,Agent,2025-08-19 0:00:00,No,High,33126.93,21,1.8
205,101745,50,215237,228502.76,325,8,Bangalore,Retail,Agent,2026-02-15 0:00:00,Yes,High,21504.74,unknown,4.2
206,100621,66,233786,not_available,690,3,Chennai,Corporate,Agent,2025-10-25 0:00:00,Yes,Medium,44158.39,21,8.2
207,100888,45,149481,2389.32,742,13,Bangalore,SME,Branch,2024-11-25 0:00:00,Yes,High,44329.22,139,8.4
208,100539,72,,270414.93,351,12,,Corporate,Branch,2021-01-08 0:00:00,Yes,High,18281.94,69,2.0
209,100238,69,90455,26943.65,797,6,Chennai,Corporate,Agent,2023-09-28 0:00:00,Yes,Low,11700.34,16,7.2
210,101721,68,244780,292809.81,612,15,Bangalore,Retail,Mobile,2024-04-01 0:00:00,Yes,Medium,27489.17,100,3.6
211,100940,70,149865,,312,0,Hyderabad,Premium,Online,2021-06-21 0:00:00,Yes,High,41959.36,103,9.6
212,100221,56,194899,66223.65,731,7,Bangalore,Retail,Mobile,2025-09-20 0:00:00,No,Low,34170.56,47,1.4
213,100629,52,178515,81431.57,429,4,Chennai,Corporate,Agent,not_a_date,No,High,unknown,69,8.0
214,101931,26,,40706.5,752,14,Hyderabad,,Branch,2025-05-13 0:00:00,No,Low,16101.77,117,4.4
215,100695,66,133177,144679.31,not_available,3,Chennai,SME,Agent,2026-03-01 0:00:00,Yes,High,15846.08,5,2.4
216,101106,43,176353,212051.36,752,6,Hyderabad,SME,Online,2025-12-08 0:00:00,Yes,Low,2259.82,138,2.3
217,100711,66,246097,255204.08,406,10,Pune,Corporate,Branch,2024-11-28 0:00:00,Yes,High,1867.67,26,6.6
218,100631,50,88449,101089.42,453,15,bangalore,SME,Online,2025-06-17 0:00:00,Yes,High,40285.72,115,7.5
219,100977,61,208260,264469.04,536,7,Chennai,Retail,Branch,2025-03-25 0:00:00,No,High,35946.55,141,9.5
220,101766,18,197927,58502.69,850,13,Pune,SME,Online,2025-07-06 0:00:00,Yes,Low,47241.17,131,7.1
221,100998,51,144863,143778.03,525,6,Chennai,Corporate,Agent,2024-05-25 0:00:00,Yes,High,29247.67,102,7.7
222,100050,24,,224955.23,573,3,Hyderabad,SME,Agent,2022-11-21 0:00:00,No,Medium,47239.07,65,
223,100232,32,53541,219915.36,642,3,Kolkata,Retail,Branch,2026-03-05 0:00:00,No,Medium,11377.64,72,3.0
224,100430,50,205225,62128.48,714,0,Delhi,Retail,Branch,2021-06-14 0:00:00,Yes,Low,36576.7,128,6.2
225,100276,55,121347,45698.88,347,11,Delhi,,Branch,2022-02-16 0:00:00,Yes,High,unknown,5,
226,101608,27,167055,230438.45,367,10,Chennai,Corporate,Agent,2023-02-07 0:00:00,No,High,26452.16,4,1.6
227,101650,63,100939,102163.45,368,9,Kolkata,SME,Mobile,2024-04-18 0:00:00,Yes,High,13116.66,34,1.3
228,101134,45,53082,124444.54,561,9,Bangalore,Corporate,Branch,2023-04-09 0:00:00,Yes,Medium,22575.28,115,1.7
229,101685,51,246796,27958.84,533,12,Mumbai,Premium,Online,2024-05-26 0:00:00,Yes,High,9581.48,116,7.4
230,101515,24,140359,34710.4,524,8,Mumbai,Corporate,Agent,,Yes,High,24760.52,61,3.7
231,100174,56,,255767.33,313,8,Bangalore,Retail,Branch,31/99/2024,No,High,34112.34,40,5.3
232,101199,53,216775,73885.81,445,8,Mumbai,Retail,Mobile,2023-10-03 0:00:00,No,High,9825.54,87,3.4
233,101190,41,162050,23567.35,723,8,,Retail,Online,,Yes,Low,19219.5,58,5.9
234,101844,56,86709,270811.65,704,8,Hyderabad,SME,Online,2023-01-29 0:00:00,Yes,Low,34883.08,119,6.5
235,101687,54,64901,49000.99,588,3,Pune,Corporate,Branch,2023-10-15 0:00:00,Yes,Medium,,17,9.3
236,100866,70,197395,235529.31,515,6,Kolkata,Retail,Agent,2021-11-05 0:00:00,No,High,16879.97,115,6.3
237,100248,54,127471,265327.28,524,3,Mumbai,SME,Mobile,2022-05-09 0:00:00,Yes,High,38392.18,3,9.8
238,101508,66,171964,73873.25,724,6,Delhi,SME,Mobile,2022-01-22 0:00:00,No,Low,9605.4,134,7.2
239,101454,71,133899,abc,309,4,Mumbai,Retail,Branch,2023-11-09 0:00:00,Yes,High,23999.03,139,4.3
240,100024,unknown,236271,116961.71,554,14,Pune,Premium,Branch,2024-05-17 0:00:00,No,Medium,16820.75,12,9.4
241,101569,25,94184,269778.11,782,14,Hyderabad,Retail,Agent,2023-02-18 0:00:00,Yes,Low,6504.58,148,4.3
242,100943,,89309,224817.14,not_available,5,Delhi,Corporate,Branch,2021-10-05 0:00:00,Yes,High,28656.53,88,2.8
243,100064,,111206,248705.32,682,12,Hyderabad,Corporate,Branch,2024-01-04 0:00:00,Yes,Medium,34368.38,13,7.8
244,100306,35,181075,247133.43,366,10,Hyderabad,SME,Mobile,2021-03-06 0:00:00,Y,High,34306.74,44,2.9
245,100189,49,219488,290882.32,709,9,Mumbai,Corporate,Mobile,2025-10-29 0:00:00,Yes,Low,12600.38,138,2.8
246,101871,39,,296650.66,not_available,15,Bangalore,Corporate,Mobile,2024-05-07 0:00:00,Yes,High,18875.77,114,1.1
247,101319,40,191923,75839.53,760,4,Pune,SME,Agent,2021-09-12 0:00:00,No,Low,42597.42,26,5.9
248,101901,74,142886,234104.36,714,14,Pune,Corporate,Mobile,2021-09-24 0:00:00,Yes,Low,43707.23,33,9.6
249,100927,52,103222,,574,13,Kolkata,SME,Online,2025-09-18 0:00:00,No,Medium,,88,4.3
250,100942,54,219812,100702.15,558,14,,SME,Branch,2023-05-28 0:00:00,Yes,Medium,4097.85,34,9.5
251,100810,58,,258395.89,592,12,Pune,Premium,Mobile,2026-02-22 0:00:00,No,Medium,39929.15,24,4.5
252,100282,39,86681,65782.19,573,15,Hyderabad,Premium,Mobile,2023-02-04 0:00:00,No,Medium,3158.01,149,1.9
253,100531,59,abc,53366.44,547,12,Mumbai,Retail,Branch,2025-09-29 0:00:00,Yes,High,44915.49,114,7.4
254,100197,74,158052,156733.24,839,7,,Premium,Agent,2025-03-18 0:00:00,Yes,Low,49916.19,61,9.9
255,100652,40,167635,234219.56,396,8,Hyderabad,Retail,Mobile,2022-11-10 0:00:00,No,High,2429.13,68,4.8
256,100352,55,182817,149571.24,516,13,Chennai,Corporate,Online,,Yes,High,23802.63,95,9.6
257,101375,69,90697,226120.22,513,0,Kolkata,Premium,Mobile,31/99/2024,Yes,High,20692.8,145,6.9
258,101979,26,53933,54155.47,558,11,Pune,Premium,Agent,,Yes,Medium,5334.48,110,3.4
259,100908,73,227043,104667.02,528,3,Chennai,Premium,Branch,2024-01-24 0:00:00,Yes,High,45786.48,148,3.0
260,100887,30,244249,241753.36,338,8,Hyderabad,SME,Online,2024-04-11 0:00:00,No,High,711.95,69,1.3
261,101653,34,31710,47887.47,399,1,Hyderabad,Corporate,Mobile,2023-05-19 0:00:00,Yes,High,41988.38,11,9.9
262,100773,22,230768,211137.69,603,6,Delhi,SME,Online,2024-06-05 0:00:00,Yes,Medium,33930.05,135,9.2
263,100950,31,56055,123559.42,387,10,Hyderabad,Corporate,Agent,2022-11-02 0:00:00,Yes,High,737.59,112,
264,100818,42,225321,210260.29,448,6,Bangalore,SME,Branch,2023-12-24 0:00:00,Yes,High,45777.44,120,8.9
265,100745,31,130111,135034.96,786,14,Chennai,Corporate,Online,2023-08-28 0:00:00,Yes,Low,47041.59,93,9.3
266,100813,20,150926,131515.49,686,6,Delhi,Corporate,Agent,2023-07-24 0:00:00,No,Medium,48709.81,83,5.5
267,101339,68,132539,,383,0,Bangalore,Premium,Agent,2021-02-22 0:00:00,Yes,High,12238.01,146,3.5
268,101852,41,240938,95478.61,316,11,Kolkata,Corporate,Mobile,2024-11-05 0:00:00,No,High,14875.34,103,
269,100322,65,182361,248014.4,372,1,Pune,Premium,Agent,2023-08-27 0:00:00,Yes,High,5931.33,75,8.3
270,101830,32,158669,181644.38,514,10,Pune,SME,Online,2025-03-01 0:00:00,Yes,High,9765.34,109,9.7
271,100651,52,183670,168027.51,508,6,Kolkata,Corporate,Branch,2024-01-04 0:00:00,Yes,High,13938.47,115,8.3
272,101238,43,212921,62181.89,478,3,Delhi,SME,Mobile,2024-06-20 0:00:00,No,High,12247.05,135,7.7
273,100026,55,160044,264677.57,552,14,Mumbai,Corporate,Agent,2024-02-24 0:00:00,Yes,Medium,abc,1,6.2
274,101434,71,162469,71996.81,463,11,Hyderabad,Premium,Branch,2024-12-24 0:00:00,No,High,39577.2,147,8.0
275,100079,23,27719,255552.37,715,11,Chennai,SME,Online,2024-12-13 0:00:00,No,Low,10134.17,24,7.9
276,101711,34,51170,220171.61,405,13,Delhi,Retail,Agent,2024-07-10 0:00:00,No,High,29081.26,86,8.0
277,100033,61,159092,missing,318,2,Pune,Premium,Online,2022-03-28 0:00:00,No,High,21183.88,115,1.3
278,101302,31,93056,120832.75,828,5,Pune,,Branch,2021-11-02 0:00:00,YES,Low,40658.8,149,5.7
279,100383,65,137340,200060,414,2,Bangalore,Retail,Branch,2023-09-22 0:00:00,Yes,High,27127.19,119,9.6
280,101559,63,179553,232071.63,846,8,Pune,SME,Online,2024-11-19 0:00:00,Yes,Low,6601.15,70,5.6
281,100433,49,89324,213040.63,349,10,Hyderabad,Corporate,Agent,2021-05-21 0:00:00,yes,High,10915.81,23,5.1
282,100164,56,,245027.08,669,14,Mumbai,Retail,Mobile,2023-01-12 0:00:00,,Medium,7567.85,112,2.9
283,100204,37,179091,268335.77,384,10,Hyderabad,,Mobile,2023-06-10 0:00:00,No,High,15376.07,66,10.0
284,101008,50,165146,282763.78,499,5,,SME,Branch,2024-03-31 0:00:00,No,High,2310.21,136,1.9
285,101171,51,208233,61249.97,621,0,Bangalore,Corporate,Online,2025-01-23 0:00:00,Yes,Medium,11396.41,133,9.6
286,100369,53,,238872.18,454,2,Chennai,SME,Online,2024-02-02 0:00:00,Yes,High,31705.88,77,4.5
287,100953,18,170788,98265.65,450,4,Hyderabad,Premium,Online,2022-11-01 0:00:00,No,High,41334.45,146,7.5
288,101445,54,95553,,509,9,Hyderabad,SME,Mobile,2021-08-21 0:00:00,Yes,High,4740.38,unknown,9.3
289,101354,74,89429,153876.65,822,15,Kolkata,Retail,Online,2025-04-12 0:00:00,Yes,Low,1412.49,137,5.5
290,101274,66,not_available,297531.86,626,14,Chennai,Retail,Mobile,2024-05-01 0:00:00,Yes,Medium,28134.69,129,5.6
291,101111,,152734,240404.4,427,11,Mumbai,SME,Mobile,2024-02-13 0:00:00,Yes,High,-,20,6.8
292,100317,59,182087,140090.4,675,10,Chennai,SME,Branch,2021-09-28 0:00:00,Yes,Medium,3446.55,135,6.6
293,101281,28,207684,282125.76,785,15,Delhi,SME,Branch,2022-08-03 0:00:00,Yes,Low,20511,29,6.4
294,101809,35,73781,217276.36,390,15,Pune,Corporate,Online,2021-08-27 0:00:00,Yes,High,49241.93,88,7.7
295,100219,58,217860,9237.01,434,6,Kolkata,Premium,Mobile,2024-07-04 0:00:00,Yes,High,30467.32,65,
296,101971,73,-,184928.45,320,12,Chennai,SME,Mobile,2024-07-02 0:00:00,NO,High,49326.73,21,4.3
297,101854,,180336,193470.87,805,4,Kolkata,Premium,Mobile,2024-01-21 0:00:00,Yes,Low,39257.74,120,2.0
298,101693,70,150576,57974.82,552,0,Pune,Corporate,Online,2025-06-25 0:00:00,No,Medium,10938.45,115,9.9
299,100276,55,121347,45698.88,347,11,Delhi,,Branch,2022-02-16 0:00:00,Yes,High,unknown,5,
300,101348,47,234717,missing,339,9,Bangalore,,Mobile,2025-04-16 0:00:00,Yes,High,3083.16,48,9.1
301,100060,26,207828,51554.54,397,7,Delhi,Premium,Agent,2025-07-11 0:00:00,No,High,30916.81,86,5.1
302,101056,46,178812,179931.39,467,11,Kolkata,SME,Agent,2025-08-25 0:00:00,No,High,27281,135,8.7
303,100434,missing,201037,281213.53,801,11,Pune,Corporate,Online,2024-05-03 0:00:00,YES,Low,26302.9,abc,8.9
304,100074,53,74138,64815.41,519,2,Pune,SME,Agent,2025-12-19 0:00:00,Yes,High,10448.21,19,4.2
305,100163,,122768,unknown,365,7,Chennai,SME,Mobile,2023-03-29 0:00:00,Yes,High,48616.08,52,1.5
306,101320,32,51832,281668.49,623,11,pune,Corporate,Mobile,2023-08-18 0:00:00,Yes,Medium,7689.03,139,5.0
307,101160,-,unknown,33018.99,354,13,Kolkata,Corporate,Mobile,2021-09-02 0:00:00,Yes,High,6517.05,98,7.9
308,101630,29,66971,136320.95,398,8,Pune,SME,Agent,2021-10-21 0:00:00,Yes,High,24537.61,137,3.9
309,101068,38,209816,164802.79,513,14,Mumbai,Corporate,Branch,2026-02-27 0:00:00,Yes,High,44435.66,125,9.8
310,101626,abc,199023,132172.06,813,3,Bangalore,Premium,Mobile,2022-05-09 0:00:00,No,Low,26044.52,123,2.6
311,101986,67,abc,202686.39,325,3,Chennai,Premium,Mobile,2025-06-13 0:00:00,No,High,46984.52,54,
312,100046,74,36303,164875.1,416,1,Mumbai,Retail,Branch,2022-07-24 0:00:00,No,High,24807.86,1,9.9
313,100995,51,205913,84264.59,398,11,Kolkata,Corporate,Online,2025-04-20 0:00:00,No,High,33874.71,126,
314,100362,63,95326,165620.81,443,6,Chennai,Retail,Mobile,2025-11-26 0:00:00,Yes,High,13422.81,112,7.7
315,101303,43,159153,291070.6,351,4,Pune,,Mobile,2026-02-04 0:00:00,Yes,High,11213.93,33,4.3
316,100568,20,193280,67467.07,701,15,Delhi,SME,Online,2021-03-27 0:00:00,Yes,Low,21634.83,70,6.5
317,100077,21,103249,20215.37,564,10,Delhi,Corporate,Agent,2024-03-28 0:00:00,0,Medium,6074.05,90,2.4
318,101957,71,199427,244730.82,845,10,,Retail,Agent,2021-08-10 0:00:00,Yes,Low,43301.55,12,1.4
319,101443,18,50122,271429.9,785,11,,Retail,Branch,2025-09-20 0:00:00,No,Low,8844.17,49,3.1
320,101866,32,141219,269636.37,646,13,Pune,Premium,Branch,2021-07-07 0:00:00,Yes,Medium,17900.64,113,1.5
321,101343,32,139914,284550.88,567,14,Chennai,Retail,Agent,2025-09-09 0:00:00,Yes,Medium,44019.65,116,5.6
322,101629,,206801,185803.04,358,12,Mumbai,Corporate,Online,,No,High,47576.13,81,8.0
323,101462,70,119848,218913.57,688,9,Pune,,Mobile,2023-07-25 0:00:00,Yes,Medium,39373.92,67,6.4
324,100850,71,149982,100082.04,819,5,Pune,Corporate,Branch,2023-09-20 0:00:00,Yes,Low,10638.65,1,2.9
325,100031,75,151267,215528.77,689,13,,Corporate,Mobile,2024-01-22 0:00:00,1,Medium,-,43,1.0
326,101115,73,abc,171348.69,377,0,Mumbai,Premium,Agent,,No,High,31246.1,79,8.0
327,101544,67,32345,203759.75,667,2,Delhi,Premium,Agent,2026-02-08 0:00:00,Yes,Medium,43886.04,80,7.0
328,101661,62,unknown,83967.8,634,13,Chennai,Premium,Online,2025-10-14 0:00:00,yes,Medium,7390.23,55,5.5
329,101311,25,92695,147229.5,558,3,Kolkata,SME,Branch,2022-09-22 0:00:00,Yes,Medium,18142.68,131,4.2
330,100833,38,150541,178440.96,696,6,Delhi,Corporate,Mobile,2024-01-28 0:00:00,Yes,Medium,35242.19,141,8.1
331,100694,29,220229,92650.33,393,5,Hyderabad,Retail,Branch,31/99/2024,Yes,High,13634.45,115,3.1
332,100533,36,104141,242482.63,595,4,delhi,SME,Agent,2021-07-09 0:00:00,Yes,Medium,12893.47,117,4.8
333,101582,68,168996,66026.6,348,11,Chennai,Retail,Online,2024-07-16 0:00:00,No,High,34536.27,14,4.5
334,101851,48,40282,149691.34,728,13,Mumbai,SME,Branch,2021-07-23 0:00:00,Yes,Low,36888.23,130,3.1
335,100382,50,228613,12902.09,682,10,Delhi,Retail,Mobile,2023-04-13 0:00:00,Yes,High,3677.68,109,1.1
336,101605,65,187005,282952.45,656,4,Hyderabad,SME,Online,2021-04-25 0:00:00,Yes,Medium,43538.23,82,8.1
337,100045,69,157663,,460,11,,SME,Mobile,2022-11-28 0:00:00,,High,44615.86,87,5.9
338,101731,53,106835,163674.64,577,13,Hyderabad,SME,Branch,,Yes,Medium,42214.6,57,2.0
339,100169,43,48411,97746.94,738,7,Kolkata,Corporate,Online,2021-07-06 0:00:00,Yes,Low,18650.03,62,2.0
340,100304,57,221713,47587.24,394,8,Bangalore,Retail,Mobile,2021-05-19 0:00:00,No,High,30849.54,118,8.1
341,100343,71,136562,83531.82,766,0,Pune,Premium,Mobile,2021-07-21 0:00:00,Yes,Low,21575.2,109,3.2
342,100439,,,174662.63,570,8,Bangalore,Retail,Branch,2023-04-07 0:00:00,Yes,Medium,21646.55,24,9.1
343,101965,74,125311,282314.48,682,14,Kolkata,Premium,Mobile,2022-10-22 0:00:00,YES,Medium,6395.45,105,8.1
344,100765,30,93388,277656.66,439,0,Chennai,Premium,Mobile,2022-04-06 0:00:00,No,High,,143,9.3
345,101678,23,241192,18565.71,unknown,1,mumbai,Premium,Agent,2024-03-05 0:00:00,Yes,Low,41662.69,47,4.1
346,101179,39,215632,51430.25,316,7,Hyderabad,,Mobile,2022-02-02 0:00:00,Yes,High,16765.31,19,2.3
347,101928,70,163440,,445,0,Pune,Corporate,Branch,2021-05-11 0:00:00,Yes,High,4326.03,4,5.6
348,100421,58,82056,170427.75,302,12,Hyderabad,Corporate,Online,2024-04-11 0:00:00,Yes,High,5166.66,59,
349,100708,39,245094,21267.47,637,1,Hyderabad,Retail,Online,2023-04-17 0:00:00,Yes,Medium,17450.42,19,1.3
350,101346,50,98445,277356.74,652,12,Pune,Retail,Online,2024-04-17 0:00:00,Yes,Medium,27972.95,76,5.5
351,100789,53,218510,231690.3,317,3,Pune,SME,Online,2021-10-30 0:00:00,No,High,41470.13,144,5.6
352,100355,52,148629,142790.32,482,9,Mumbai,Premium,Branch,2023-07-08 0:00:00,Yes,High,22832.62,64,3.1
353,100354,37,176094,,846,8,Kolkata,Retail,Agent,2024-04-01 0:00:00,Yes,Low,41123.43,105,9.2
354,100528,33,81503,241425.94,481,12,Kolkata,Premium,Online,2022-05-30 0:00:00,No,High,38234.78,46,3.7
355,101342,69,222621,71125.41,792,0,Chennai,Corporate,Online,2024-10-12 0:00:00,Yes,Low,46059.3,39,8.0
356,100483,33,227724,,368,10,Kolkata,Premium,Online,2025-12-10 0:00:00,Yes,High,9046.5,142,8.1
357,100186,46,209403,204226.77,425,2,Delhi,SME,Mobile,2023-12-20 0:00:00,Yes,High,24426.04,105,3.7
358,101395,44,166330,,813,12,Kolkata,Premium,Agent,2021-08-26 0:00:00,Yes,Low,30836.31,117,9.7
359,101455,72,51201,256839.75,413,10,Mumbai,Corporate,Mobile,2024-12-15 0:00:00,Yes,High,5946.05,113,1.2
360,101426,54,170544,26696.91,741,5,Pune,Retail,Agent,2024-12-01 0:00:00,Yes,Low,,8,4.4
361,101229,21,102794,282715.04,461,5,Mumbai,SME,Online,,No,High,,25,8.1
362,100301,69,237977,275037.51,824,5,Pune,SME,Mobile,2024-07-16 0:00:00,Yes,Low,7155.62,67,7.6
363,100454,59,177999,294496,397,3,delhi,SME,Online,2022-10-10 0:00:00,Yes,High,7473.81,78,5.7
364,100734,not_available,62384,235458.55,707,5,Mumbai,,Branch,2025-05-29 0:00:00,Yes,Low,17526.05,32,7.7
365,101782,51,,403.88,754,0,Kolkata,SME,Agent,2024-04-12 0:00:00,No,High,-,87,6.2
366,101789,27,129648,198342.2,378,14,Bangalore,Corporate,Branch,2022-04-24 0:00:00,Yes,High,7176.3,3,2.5
367,101911,37,210378,,797,7,Chennai,SME,Mobile,2021-01-31 0:00:00,Yes,Low,5082.52,98,8.3
368,101973,22,,119084.39,587,14,Delhi,Corporate,Branch,2024-04-13 0:00:00,Yes,Medium,26150.15,42,6.2
369,101393,43,38428,278206.55,657,7,Kolkata,Corporate,Branch,2022-06-01 0:00:00,No,Medium,28094.99,16,2.7
370,101233,,204830,,810,12,Bangalore,Corporate,Agent,2025-04-15 0:00:00,Yes,Low,5139.38,10,4.4
371,100176,69,47042,272082.84,727,11,Kolkata,Retail,Branch,2021-11-24 0:00:00,Yes,Low,23209.03,28,8.1
372,100964,48,172992,34285.73,477,14,Mumbai,Premium,Agent,2021-06-17 0:00:00,No,High,2094.66,61,2.5
373,101028,23,57371,174304.53,404,3,Hyderabad,Corporate,Mobile,2025-10-08 0:00:00,No,High,21356.32,37,7.3
374,101642,75,158623,275082.61,311,11,Mumbai,Retail,Branch,2026-01-20 0:00:00,Yes,High,14962.75,70,7.8
375,100124,68,163563,,605,10,Hyderabad,SME,Online,2025-09-23 0:00:00,No,Medium,45631.84,112,8.9
376,100384,29,84321,246992.83,781,0,Chennai,Premium,Agent,2023-09-13 0:00:00,Yes,Low,36080.06,missing,5.6
377,101597,21,missing,94447.75,609,13,Hyderabad,SME,Agent,2021-12-07 0:00:00,No,Medium,23083.88,25,9.1
378,100585,22,30704,76592.72,791,15,Chennai,Corporate,Agent,2025-12-16 0:00:00,No,Low,not_available,52,4.0
379,100040,32,140005,77008.27,454,14,Kolkata,SME,Agent,2025-04-04 0:00:00,Yes,High,21658.8,79,1.4
380,100487,40,34847,202304.69,787,13,mumbai,Corporate,Mobile,2023-01-27 0:00:00,Yes,Low,29637.86,19,7.8
381,100515,22,58997,231926.71,763,0,Hyderabad,SME,Branch,2022-07-12 0:00:00,Yes,Low,27512.3,11,6.8
382,100332,49,222507,unknown,733,11,Mumbai,Premium,Branch,2023-06-02 0:00:00,Yes,Low,37951.4,134,4.5
383,100428,48,,181843.97,552,9,Mumbai,Retail,Online,2021-04-27 0:00:00,Yes,Medium,37400.62,85,1.4
384,100195,59,176054,90734.24,609,11,Kolkata,Corporate,Online,,Yes,Medium,801.33,90,8.5
385,100545,26,,144464.8,734,14,Hyderabad,SME,Mobile,2021-11-27 0:00:00,Yes,Low,47644.82,102,5.9
386,100592,56,143516,263848.97,834,5,Hyderabad,Corporate,Mobile,2022-04-30 0:00:00,No,Low,23023.05,28,7.7
387,101748,64,145987,295552.37,712,6,Delhi,SME,Mobile,2025-07-10 0:00:00,No,Low,20242.41,84,3.2
388,100323,74,159461,38978.98,607,12,pune,Corporate,Online,2022-05-13 0:00:00,Yes,Medium,6526.72,137,8.6
389,101222,68,202876,91815.44,402,2,Mumbai,SME,Agent,2024-11-06 0:00:00,No,High,12901.95,106,4.2
390,100267,49,94298,72669.37,341,2,Mumbai,SME,Branch,not_a_date,Yes,High,49324.61,40,9.4
391,101356,54,217699,280551.63,483,1,pune,SME,Agent,,Yes,High,19218.66,105,5.9
392,101481,44,,174425.13,454,6,Chennai,Corporate,Branch,2025-06-02 0:00:00,Yes,High,16247.56,133,2.4
393,100068,61,178606,159747.81,802,6,,Corporate,Online,,Yes,Low,911.09,137,6.3
394,100988,38,228038,246179.63,656,9,Mumbai,Premium,Mobile,2024-10-03 0:00:00,Yes,Medium,48767.54,29,9.0
395,101839,46,37109,97747.04,736,8,Bangalore,Corporate,Branch,,Yes,Low,,47,3.4
396,101991,49,98869,12589.22,614,8,hyderabad,Premium,Agent,2024-08-26 0:00:00,Yes,High,44477.37,42,1.1
397,101788,34,101229,,820,12,Hyderabad,SME,Agent,2024-10-14 0:00:00,Yes,Low,26436.72,93,2.1
398,101613,36,25781,,763,11,Pune,SME,Agent,2023-04-24 0:00:00,No,Low,44297.75,56,7.6
399,100671,73,153803,35662.32,811,5,Kolkata,Corporate,Agent,2021-08-25 0:00:00,Yes,Low,11066.35,7,3.6
400,101754,34,84042,150213.28,837,15,Hyderabad,SME,Agent,2021-08-24 0:00:00,Yes,Low,39625.55,133,7.7
401,100479,37,241184,,431,6,Pune,Premium,Mobile,2023-11-03 0:00:00,Yes,High,15649.93,106,
402,101767,42,106557,195627.92,721,3,Kolkata,SME,Agent,2024-02-16 0:00:00,No,Low,1455.57,122,5.1
403,101570,18,204017,288678.43,696,9,,SME,Mobile,,No,Medium,9187.82,13,5.7
404,100472,41,104530,90575.01,784,10,Delhi,Premium,Branch,2023-07-28 0:00:00,Yes,Low,45235.42,18,2.4
405,101666,39,240814,126001.22,530,15,Bangalore,Corporate,Mobile,2024-03-17 0:00:00,No,High,40331.25,58,1.1
406,100721,48,177747,280498.33,391,10,Mumbai,Retail,Agent,2026-01-23 0:00:00,No,High,46347.6,120,3.8
407,101299,54,46727,,unknown,0,Delhi,Retail,Agent,2024-01-21 0:00:00,No,High,5527.82,125,
408,101306,,105102,83824.77,835,8,Mumbai,SME,Branch,2021-10-19 0:00:00,YES,Low,9851.24,18,
409,101849,34,225696,277276.28,655,13,mumbai,Corporate,Online,2025-10-18 0:00:00,Yes,Medium,,124,3.1
410,101703,51,77756,145317.36,692,11,Delhi,Corporate,Online,2024-10-20 0:00:00,Yes,Medium,39461.51,138,2.0
411,101562,40,80718,194470.77,783,1,Hyderabad,SME,Mobile,2021-06-14 0:00:00,Yes,Low,15969.02,unknown,5.2
412,101611,40,43133,74850.92,765,3,Pune,SME,Online,2022-05-16 0:00:00,Yes,Low,15207.3,129,4.3
413,101692,,158663,26974.87,773,4,Chennai,Retail,Mobile,2025-05-08 0:00:00,Yes,Low,5127.87,94,9.8
414,100480,18,60946,164057.89,781,11,Pune,Retail,Agent,2022-06-28 0:00:00,Yes,Low,11281.06,1,8.6
415,100863,,54301,,605,12,Hyderabad,Corporate,Online,2024-01-12 0:00:00,Yes,Medium,22104.2,67,8.5
416,101245,60,179983,90743.71,767,7,Kolkata,Retail,Agent,2023-06-26 0:00:00,Yes,Low,19106.26,6,4.4
417,101532,57,,250377.29,424,15,Kolkata,SME,Agent,2021-03-17 0:00:00,Yes,High,18079.09,54,9.3
418,101263,26,180930,52273.02,439,2,Chennai,Retail,Mobile,2021-06-16 0:00:00,Yes,High,36661.86,70,7.9
419,101848,56,43351,244030.34,497,11,Kolkata,Premium,Mobile,2022-04-29 0:00:00,,High,34598.89,49,8.6
420,100262,36,45581,30282.36,520,9,hyderabad,Premium,Online,2024-09-13 0:00:00,Yes,High,-,57,7.5
421,101118,,229688,288347.82,348,0,Chennai,Premium,Online,2023-04-13 0:00:00,Yes,High,40713.92,90,5.8
422,101005,69,227056,154010.46,844,0,Chennai,SME,Agent,2021-12-02 0:00:00,No,Low,13654.45,97,6.8
423,100241,75,30109,102534.72,630,4,Kolkata,Premium,Agent,2023-01-14 0:00:00,Yes,Medium,10750.7,101,1.9
424,101059,75,138132,217303.32,773,14,Pune,SME,Online,2021-11-10 0:00:00,Yes,Low,25879.8,48,3.9
425,101079,43,153563,18942.09,450,14,bangalore,Retail,Online,,Yes,High,48065.41,111,2.2
426,101575,40,136672,83429.85,596,1,Chennai,Retail,Branch,2023-09-27 0:00:00,Yes,Medium,12456.37,102,7.4
427,101620,18,54118,209008.53,635,15,Delhi,Corporate,Branch,2021-06-11 0:00:00,No,Medium,39230.86,30,3.4
428,101318,50,166877,235692.93,595,15,Bangalore,SME,Agent,2023-06-19 0:00:00,,Medium,47686.12,143,7.5
429,100571,33,126376,168997.39,593,10,Delhi,Retail,Online,,Yes,Medium,27776.05,61,5.1
430,100366,52,45049,,572,3,Chennai,Premium,Branch,2025-07-13 0:00:00,No,Medium,4544.35,141,4.1
431,100573,54,104134,97901.53,770,7,hyderabad,Premium,Mobile,2025-10-29 0:00:00,Yes,Low,30755.11,121,5.9
432,101266,28,247670,,657,12,,Corporate,Agent,2021-12-22 0:00:00,Yes,Medium,23616.08,108,2.9
433,100451,40,92649,254158.33,535,0,hyderabad,SME,Agent,2024-04-10 0:00:00,Yes,High,13314.99,16,3.3
434,101961,63,33770,18331.4,699,15,Chennai,Corporate,Online,2023-06-28 0:00:00,Yes,Medium,47957.79,67,5.7
435,100951,26,193757,226078.39,503,12,Hyderabad,Retail,Agent,2022-03-10 0:00:00,Yes,High,25701.13,abc,2.5
436,101224,61,118471,236822.83,326,4,Mumbai,SME,Branch,,Yes,High,23826.91,113,2.3
437,100072,31,99553,273040.39,711,5,Hyderabad,Retail,Agent,2024-07-11 0:00:00,No,Low,7446.01,11,1.3
438,100922,66,98861,,463,13,Pune,SME,Online,2024-10-22 0:00:00,No,High,19673,1,1.1
439,100260,50,89288,209326.88,781,13,Pune,Retail,Mobile,31/99/2024,Yes,Low,16406.94,107,2.4
440,100052,26,111231,193828.85,434,1,Delhi,Premium,Agent,2021-07-09 0:00:00,Yes,High,17552.84,67,2.0
441,100199,23,51431,132367.11,743,5,Bangalore,SME,Agent,2025-04-24 0:00:00,,Low,15765.53,61,6.8
442,101646,34,147775,132675.68,405,2,Mumbai,Corporate,Agent,2021-11-20 0:00:00,Yes,High,30038.57,67,4.8
443,101191,72,,,728,3,Delhi,Corporate,Online,2021-04-22 0:00:00,Yes,Low,37513.42,95,6.7
444,100333,72,36653,34806.8,482,0,Mumbai,Premium,Agent,2022-12-27 0:00:00,Yes,High,41209.9,34,4.1
445,101387,44,205887,170539.47,778,15,bangalore,Premium,Agent,2025-04-07 0:00:00,Yes,Low,22759.64,44,3.1
446,100615,21,28726,3027.18,344,14,Hyderabad,Corporate,Online,2025-06-01 0:00:00,No,High,39059.93,9,8.6
447,101764,57,109246,141285.02,416,5,Bangalore,SME,Mobile,2023-03-25 0:00:00,0,High,13640.92,30,6.9
448,100999,35,181104,54516.99,664,10,Kolkata,SME,Online,,No,Medium,24442.18,58,5.3
449,101183,72,111205,273063.91,828,10,Delhi,SME,Agent,2022-01-03 0:00:00,Yes,Low,26270.81,139,6.5
450,101340,,43313,59851.59,850,6,Mumbai,,Online,2021-07-07 0:00:00,Yes,Low,12133.92,50,6.3
451,100933,45,208202,36448.62,829,12,Chennai,Retail,Agent,,Yes,Low,9763.68,28,4.2
452,101668,,31530,257386.53,569,0,Chennai,Retail,Branch,2024-03-23 0:00:00,Yes,Medium,46303.82,146,5.4
453,100949,38,247317,203693.55,581,0,Bangalore,Premium,Branch,2023-02-16 0:00:00,No,Medium,9702.13,8,8.4
454,100427,70,167633,248928.94,667,7,Pune,,Agent,2021-11-19 0:00:00,Yes,Medium,38283.75,141,9.8
455,101680,38,,169821.49,351,15,Pune,Premium,Mobile,2024-11-05 0:00:00,Yes,High,18225.22,28,3.7
456,100680,41,162084,-,340,6,Hyderabad,,Branch,2021-01-04 0:00:00,No,High,22879.06,7,1.3
457,100612,73,140142,216938.48,357,8,Delhi,SME,Agent,2022-05-24 0:00:00,Yes,High,26244.45,43,
458,101019,27,222990,278786.52,580,5,Delhi,Corporate,Online,2024-04-27 0:00:00,Yes,Medium,43182.45,145,
459,101231,37,149447,131537.01,807,7,Hyderabad,Corporate,Branch,2021-08-31 0:00:00,Yes,Low,,113,7.5
460,100747,75,192523,,447,15,mumbai,Premium,Mobile,2026-01-20 0:00:00,Yes,High,43447.13,102,3.1
461,100556,65,171649,not_available,382,1,Bangalore,Retail,Online,2024-11-16 0:00:00,Yes,High,12235.33,136,5.0
462,101610,50,121334,130131.17,480,7,Bangalore,,Branch,2021-10-26 0:00:00,No,High,15829.19,93,5.5
463,100399,51,97099,217456.95,499,0,Kolkata,Corporate,Agent,2022-08-08 0:00:00,1,High,45893.76,64,1.5
464,100591,38,183280,88572.54,572,7,Kolkata,Premium,Mobile,2026-03-11 0:00:00,Yes,Medium,28796.17,46,7.9
465,100463,65,107189,161643.9,685,5,Mumbai,Retail,Branch,2021-09-26 0:00:00,No,Medium,27746.3,119,3.3
466,100437,35,191205,17914.95,378,0,Pune,SME,Mobile,2025-11-01 0:00:00,Yes,High,9059.66,142,2.8
467,100193,45,163496,226386.37,593,13,Kolkata,Premium,Online,2021-08-23 0:00:00,,Medium,11982.44,77,4.5
468,101464,27,,181139.1,645,9,delhi,SME,Branch,unknown,Yes,Medium,9872.02,82,1.7
469,100638,50,,114206.9,613,5,Hyderabad,Premium,Mobile,2023-03-28 0:00:00,No,Medium,47705.99,86,2.8
470,100293,53,81985,191127.25,687,10,Bangalore,Corporate,Online,2024-04-19 0:00:00,No,Medium,11277.59,145,6.4
471,100757,26,220246,155036.98,420,0,Pune,Corporate,Online,2024-06-22 0:00:00,No,High,48298.47,110,1.4
472,101456,68,175787,,375,3,Mumbai,Premium,Mobile,2022-07-14 0:00:00,No,High,28212.13,8,2.3
473,100890,46,60585,132991.95,651,10,Delhi,SME,Mobile,2025-10-21 0:00:00,No,Medium,47675.81,74,5.0
474,101135,27,,120700.49,370,1,Hyderabad,Premium,Agent,2024-11-17 0:00:00,Yes,High,15776.08,8,7.8
475,101418,60,74811,162906.43,478,6,Chennai,SME,Mobile,2022-02-21 0:00:00,,High,44852.77,72,8.0
476,100142,65,112266,9281.29,391,6,mumbai,Premium,Agent,2022-03-12 0:00:00,Yes,High,33341.19,49,4.0
477,100747,75,192523,,447,15,mumbai,Premium,Mobile,2026-01-20 0:00:00,Yes,High,43447.13,102,3.1
478,100003,46,108560,249995.12,712,3,Delhi,SME,Mobile,2021-02-21 0:00:00,Yes,Low,26986.15,120,5.6
479,100986,32,248894,159473.22,708,8,Hyderabad,Retail,Online,2021-09-16 0:00:00,Yes,Low,12227.93,108,2.5
480,100577,31,234988,271127.27,577,12,mumbai,Premium,Mobile,2022-03-07 0:00:00,No,Medium,1663.37,126,1.5
481,101910,56,215731,157069.07,315,2,Delhi,SME,Agent,2021-09-27 0:00:00,Yes,High,5808.17,88,3.6
482,101694,59,87987,15167.76,685,14,Pune,Premium,Online,2022-04-17 0:00:00,No,Medium,12317.08,127,6.9
483,100340,,177360,76269.42,398,2,Bangalore,Premium,Agent,2024-10-11 0:00:00,No,High,44132.6,4,6.7
484,101321,50,219509,268195.56,440,3,Pune,Premium,Online,2024-11-11 0:00:00,Yes,High,1974.15,128,8.3
485,100409,21,149677,172606.62,529,0,Mumbai,Premium,Agent,2022-01-24 0:00:00,Yes,High,39791.46,52,9.5
486,100837,52,,114985.27,420,4,Chennai,SME,Online,2025-03-04 0:00:00,Yes,High,48458.54,63,9.6
487,100266,43,189053,252622.33,798,15,Chennai,Retail,Mobile,2022-06-27 0:00:00,Yes,Low,23670.16,37,2.0
488,100377,73,201572,15659.59,425,5,chennai,Corporate,Agent,2026-03-13 0:00:00,Yes,High,45775.92,93,1.1
489,100713,,162513,188398.01,504,13,Pune,Retail,Mobile,2024-02-10 0:00:00,Yes,High,10373.4,40,9.0
490,100495,68,239266,149470.8,550,12,Chennai,Corporate,Mobile,2024-06-06 0:00:00,no,Medium,12802.53,71,1.6
491,100440,,123317,297062.67,546,10,Mumbai,Premium,Online,2021-09-03 0:00:00,No,High,-,34,3.9
492,100272,72,150816,63333.74,644,9,Kolkata,Premium,Agent,2024-01-10 0:00:00,No,Medium,32584.32,19,3.7
493,100185,60,184674,17322.32,552,9,Delhi,Corporate,Agent,2023-08-17 0:00:00,Yes,Medium,47767.04,112,
494,100974,29,230342,265685.93,520,12,hyderabad,Corporate,Online,2025-05-19 0:00:00,Yes,High,missing,35,2.7
495,100245,19,185831,281127.31,467,14,Bangalore,,Online,2022-09-22 0:00:00,Yes,High,49612.5,83,6.8
496,100809,25,56367,242156.8,834,13,Mumbai,,Branch,2022-05-26 0:00:00,Yes,Low,14148.62,134,3.8
497,101044,71,95017,181623.53,593,1,Kolkata,SME,Online,2024-08-19 0:00:00,Yes,Medium,16530.56,99,3.6
498,100536,36,missing,120829.32,492,10,Pune,Corporate,Branch,2025-08-26 0:00:00,Yes,High,2294.62,39,6.3
499,100446,41,,233078.4,521,9,Mumbai,Premium,Agent,2021-03-23 0:00:00,No,High,7964.24,90,9.7
500,100618,33,151969,15570.28,834,9,Chennai,Retail,Branch,2023-02-23 0:00:00,Yes,Low,29454.34,52,1.4
501,101133,54,32788,281524.12,394,5,Delhi,Premium,Mobile,,Yes,High,21852.59,20,4.2
502,101129,68,226548,92686.8,745,15,Bangalore,Premium,Mobile,2025-06-12 0:00:00,Yes,Low,38320.75,43,1.3
503,100527,,145030,165597.09,378,8,Bangalore,Retail,Online,2023-09-28 0:00:00,No,High,,29,2.1
504,100945,27,143947,295874,554,9,Delhi,Retail,Online,2023-08-04 0:00:00,Yes,Medium,42573.8,16,
505,100611,18,157439,108652.88,800,15,Bangalore,Corporate,Branch,2025-07-19 0:00:00,Yes,Low,48012.25,62,5.9
506,100705,37,97588,94964.9,732,2,Mumbai,SME,Branch,2023-11-05 0:00:00,No,Low,35481.37,146,4.8
507,100416,46,111652,102541.11,682,9,Chennai,Premium,Online,2021-05-05 0:00:00,Yes,Medium,41878.24,77,1.4
508,100274,73,194631,120391.81,320,3,Hyderabad,Retail,Online,2025-02-03 0:00:00,Yes,High,1300.39,137,5.9
509,100756,29,152556,181644.8,837,0,Mumbai,Premium,Agent,2024-07-20 0:00:00,no,Low,49036.75,34,1.3
510,101517,49,204402,,372,12,Hyderabad,Corporate,Agent,2021-03-31 0:00:00,Yes,High,29826.05,37,5.7
511,101484,61,165629,156942.91,473,12,Chennai,Premium,Mobile,2025-08-08 0:00:00,Yes,High,36338.44,120,3.9
512,100251,,185081,119730.06,540,11,chennai,SME,Mobile,2021-06-11 0:00:00,,High,1318.7,2,4.2
513,100414,45,201313,130652.29,783,4,Mumbai,Premium,Mobile,2025-02-15 0:00:00,Yes,Low,22569.56,60,8.9
514,101334,68,37087,180084.44,738,1,Chennai,Premium,Agent,2023-06-04 0:00:00,Yes,Low,15121.16,6,8.5
515,100311,,unknown,56711.86,416,5,mumbai,Corporate,Branch,2022-05-03 0:00:00,No,High,12811,13,8.1
516,101832,24,27659,251259.25,842,13,Bangalore,Corporate,Mobile,2021-11-13 0:00:00,,Low,48621.75,74,3.4
517,100580,64,,228932.51,776,10,Hyderabad,Premium,Agent,2024-09-27 0:00:00,Yes,Low,17947.53,141,2.4
518,100426,63,234373,164088.98,746,13,Hyderabad,SME,Branch,2023-12-24 0:00:00,Y,Low,15070.23,88,5.1
519,101915,66,215001,195570.26,471,9,,Corporate,Agent,2022-05-03 0:00:00,Yes,High,23898.99,73,5.8
520,101625,59,176426,246128.05,400,11,Delhi,Premium,Agent,2024-10-31 0:00:00,No,High,3797.79,51,7.4
521,100778,25,42727,175067.09,567,13,Bangalore,SME,Mobile,2023-04-29 0:00:00,No,Medium,9707.42,94,8.2
522,101802,40,127932,8353.17,628,6,Delhi,SME,Online,2025-08-15 0:00:00,Yes,High,33796.11,31,3.6
523,101101,32,28631,130925.88,624,2,Mumbai,Premium,Branch,2022-12-28 0:00:00,Yes,Medium,13411.34,116,6.0
524,101051,42,49022,,771,14,Chennai,SME,Agent,2021-08-05 0:00:00,Yes,Low,11065.67,68,3.7
525,101543,66,31304,5026.89,835,3,Bangalore,Corporate,Agent,2023-12-14 0:00:00,Yes,High,,19,5.9
526,100584,69,173159,61338.27,827,3,Mumbai,,Agent,2024-02-21 0:00:00,Y,Low,15379.26,110,9.5
527,101084,74,170128,236012.5,632,7,Pune,SME,Agent,2025-12-11 0:00:00,Yes,Medium,21125.17,128,5.6
528,100183,62,195286,unknown,588,10,Mumbai,Corporate,Online,2023-02-21 0:00:00,Yes,Medium,28332.98,80,3.7
529,100171,30,216617,138433.65,334,1,Kolkata,Premium,Agent,2021-04-07 0:00:00,Yes,High,22003.8,134,2.7
530,100583,63,128409,163351.73,518,1,Bangalore,,Mobile,2025-05-17 0:00:00,Yes,High,21167.38,abc,9.7
531,101394,60,200006,109765.74,462,4,Bangalore,Retail,Branch,2022-10-25 0:00:00,Yes,High,32375.14,119,8.2
532,101917,62,120998,,770,6,hyderabad,Premium,Online,2022-10-26 0:00:00,No,Low,43585.06,26,5.7
533,101684,55,45074,58334.29,673,2,Pune,SME,Agent,2026-02-08 0:00:00,Yes,Medium,31006.44,136,2.7
534,100882,34,44169,282759.39,419,3,Mumbai,Retail,Mobile,2025-09-02 0:00:00,Yes,High,30866.14,42,7.3
535,100807,37,170282,267017.11,686,12,Bangalore,,Online,2021-04-13 0:00:00,No,Medium,2107.83,63,9.2
536,100273,28,,259020.23,344,8,Chennai,Premium,Mobile,2025-03-27 0:00:00,Yes,High,missing,91,2.8
537,101581,20,103258,46885.11,306,7,Bangalore,Premium,Agent,2022-04-26 0:00:00,No,High,7275.58,37,2.0
538,100716,29,144891,56074.33,546,3,Bangalore,SME,Mobile,2023-05-12 0:00:00,,High,21591.96,20,3.7
539,101519,47,233526,296829.53,810,8,Pune,SME,Mobile,2025-03-06 0:00:00,Yes,Low,9940.5,13,9.4
540,100372,50,27920,118420.31,847,6,Hyderabad,Premium,Agent,2024-08-28 0:00:00,Yes,Low,47061.51,103,7.8
541,100223,25,69859,228778.92,646,6,Delhi,Premium,Branch,,Yes,Medium,16850.39,85,6.7
542,100746,48,211898,,433,5,Delhi,SME,Online,2025-06-14 0:00:00,N,High,34799,24,3.4
543,100582,47,225641,266666.23,478,12,Pune,SME,Mobile,2022-12-26 0:00:00,Yes,High,18978.6,95,
544,101104,39,245169,224401.42,596,3,Bangalore,Corporate,Branch,2022-11-29 0:00:00,No,Medium,1506.87,142,6.1
545,100519,62,191129,234404.65,739,4,Bangalore,Retail,Mobile,2025-01-09 0:00:00,Yes,Low,18278.61,81,3.7
546,100335,58,106941,169388.72,792,5,Chennai,Premium,Branch,2023-04-22 0:00:00,Yes,Low,13546.86,46,6.3
547,101925,42,41288,,629,4,Mumbai,Corporate,Branch,2023-12-14 0:00:00,Yes,Medium,43876.68,65,7.1
548,101335,23,179834,16054.34,526,9,hyderabad,Retail,Mobile,2025-02-13 0:00:00,Yes,High,1558.75,121,1.5
549,101158,51,232367,108729.4,452,10,,Retail,Branch,2022-01-30 0:00:00,Yes,High,9614.44,93,4.7
550,101955,37,174302,173919.35,830,9,Delhi,Premium,Online,2023-05-24 0:00:00,Yes,Low,32314.5,96,8.0
551,100016,53,89772,263958.8,577,9,kolkata,Premium,Agent,2024-04-24 0:00:00,Yes,Medium,2449.81,87,9.8
552,100702,47,200211,242637,828,0,Chennai,SME,Agent,2025-01-14 0:00:00,Yes,Low,30984.27,53,10.0
553,101860,57,228838,166307,457,8,Delhi,Retail,Agent,2022-07-20 0:00:00,Yes,High,41557.61,83,3.1
554,101872,42,59228,67718.32,822,0,Mumbai,Retail,Mobile,2021-02-13 0:00:00,Yes,Low,32477.51,5,9.7
555,101720,18,180289,73955.97,325,13,Hyderabad,SME,Online,2021-03-10 0:00:00,Yes,High,10611.24,74,3.5
556,101681,unknown,58380,225435.88,819,10,Kolkata,SME,Agent,2025-05-13 0:00:00,Yes,Low,44764.29,46,3.1
557,100937,22,211321,63568.3,709,2,Bangalore,Retail,Mobile,2024-03-01 0:00:00,Yes,Low,46790.52,80,1.6
558,100466,59,145585,207028.97,393,3,Chennai,Premium,Agent,2022-09-07 0:00:00,Yes,High,4079.37,80,7.3
559,101823,40,47746,258902.71,473,2,Delhi,Corporate,Agent,2023-01-30 0:00:00,No,High,,88,7.5
560,100200,45,109976,181726.59,abc,12,hyderabad,Premium,Mobile,2024-08-05 0:00:00,No,High,43904.5,51,1.5
561,101232,50,145029,158964.38,337,12,Delhi,Premium,Online,2024-02-17 0:00:00,Yes,High,31027.26,36,4.8
562,101079,43,153563,18942.09,450,14,bangalore,Retail,Online,,Yes,High,48065.41,111,2.2
563,101351,53,215868,210746.5,846,1,Hyderabad,Corporate,Agent,2022-07-06 0:00:00,No,Low,10320.84,49,1.0
564,101327,19,171451,7571.2,365,2,Delhi,Premium,Online,2024-01-11 0:00:00,No,High,24354.42,94,8.4
565,101667,60,62711,2906.06,374,0,Bangalore,SME,Branch,2023-01-06 0:00:00,No,High,36956.46,54,2.6
566,101353,55,117197,228127.29,816,13,Delhi,SME,Mobile,,No,Low,24834.86,77,1.3
567,101429,66,164401,295453.72,320,13,Kolkata,Retail,Agent,2021-03-01 0:00:00,Yes,High,16104.31,53,9.8
568,101442,40,108369,18028.92,342,4,Delhi,,Mobile,2022-04-06 0:00:00,No,High,38269.46,140,2.5
569,101360,21,215736,202319.9,536,5,Mumbai,Retail,Online,2023-06-25 0:00:00,No,High,28088.58,28,7.6
570,100693,54,210763,128878.78,667,10,Mumbai,Retail,Branch,2021-05-24 0:00:00,Yes,Medium,37906.25,22,6.8
571,100589,43,136279,190812.74,364,7,Chennai,SME,Mobile,2025-03-15 0:00:00,Yes,High,13900.78,63,6.6
572,100044,72,,27685.44,840,9,Mumbai,Retail,Agent,2023-05-16 0:00:00,no,Low,13192.71,99,2.9
573,100275,34,230391,87754.53,369,13,Kolkata,Retail,Branch,2024-11-13 0:00:00,No,High,29787.61,69,5.0
574,101122,unknown,121722,4109.57,778,4,Chennai,Corporate,Branch,2022-05-08 0:00:00,No,High,1369.49,84,9.7
575,100102,62,193383,283993.33,474,1,Hyderabad,SME,Online,2022-07-01 0:00:00,Yes,High,13007.64,55,9.7
576,101006,missing,206403,296765.33,370,5,Mumbai,Premium,Mobile,2022-09-30 0:00:00,Yes,High,5194.11,136,3.2
577,101310,57,187728,not_available,782,13,Pune,SME,Mobile,2025-12-06 0:00:00,Yes,Low,3661.85,missing,4.4
578,101211,66,95119,207363.54,718,15,Hyderabad,Corporate,Branch,2022-06-02 0:00:00,Yes,Low,9535.31,111,6.8
579,100108,42,203589,237516.08,795,13,Hyderabad,Retail,Branch,2024-07-24 0:00:00,Yes,Low,7691.94,61,8.0
580,101805,33,249884,252604.7,432,6,Mumbai,Retail,Agent,2024-12-06 0:00:00,Yes,High,42436.87,12,7.5
581,100498,39,176409,156761.92,396,3,Delhi,Corporate,Agent,2023-12-20 0:00:00,Yes,High,9192.97,46,7.6
582,100675,74,70379,missing,400,10,Hyderabad,Retail,Branch,2022-01-25 0:00:00,Yes,High,18239.2,3,9.8
583,100915,66,112468,3975.31,642,6,Chennai,,Branch,2022-07-13 0:00:00,Yes,High,3037.88,100,4.8
584,100782,39,119018,52224.5,638,9,Hyderabad,Premium,Agent,2022-02-03 0:00:00,Yes,Medium,21316.62,66,2.7
585,100728,22,221501,100038.78,476,1,Delhi,SME,Branch,2025-09-04 0:00:00,Yes,High,,79,
586,101132,72,192296,1603.85,565,7,Kolkata,Corporate,Online,2022-08-26 0:00:00,Yes,High,36793.64,53,6.7
587,101324,50,44873,171966.96,540,5,Mumbai,SME,Agent,2023-04-05 0:00:00,No,High,27122.97,129,
588,101778,61,183588,266872.99,545,10,Kolkata,Premium,Mobile,2024-10-09 0:00:00,Yes,High,3686.56,137,2.1
589,100839,37,200915,84991.43,496,8,Kolkata,Premium,Mobile,2023-08-31 0:00:00,,High,20365.61,76,
590,100073,34,93344,242406.79,523,9,Chennai,SME,Agent,2024-06-20 0:00:00,Yes,High,29574.66,84,8.8
591,100820,50,35756,196198.23,721,10,Delhi,Corporate,Online,2024-05-04 0:00:00,Yes,Low,20484.78,83,6.3
592,101240,55,184116,65912.04,688,1,Kolkata,Corporate,Branch,2025-05-08 0:00:00,No,Medium,42876.72,140,7.8
593,101193,72,84765,178224.83,503,2,mumbai,SME,Agent,2022-08-22 0:00:00,Yes,High,37869.12,139,9.2
594,100655,25,,291726,355,12,Pune,Retail,Branch,,Yes,High,30013.44,140,6.2
595,100482,63,207958,137579.38,624,15,Delhi,Retail,Mobile,2022-12-16 0:00:00,No,Medium,31610.52,88,1.2
596,101092,65,78352,266539.23,767,5,Delhi,Premium,Agent,2023-02-16 0:00:00,Yes,Low,15766.84,29,9.1
597,100507,71,195102,219636.78,843,1,,Retail,Online,2021-10-03 0:00:00,No,Low,,65,4.0
598,101602,31,34283,268078.38,833,10,Pune,Corporate,Mobile,2021-04-05 0:00:00,Y,Low,49257.98,39,6.2
599,101853,52,177850,268279.54,678,15,Chennai,,Branch,2023-01-23 0:00:00,No,Medium,15522.2,105,4.9
600,100030,29,abc,89018.29,389,3,Chennai,SME,Mobile,2024-12-07 0:00:00,Yes,High,24646.77,64,1.0
601,100766,57,41014,20500.23,581,3,Mumbai,Retail,Online,2025-07-10 0:00:00,Yes,Medium,42428.82,97,5.5
602,101587,51,-,290602.38,754,11,Chennai,Premium,Agent,2025-03-10 0:00:00,No,Low,41660.98,23,2.4
603,101011,47,148279,21001.05,-,8,kolkata,Premium,Branch,2024-03-25 0:00:00,Yes,Medium,16610.71,77,4.2
604,100312,42,157997,234904.99,566,10,Mumbai,Retail,Online,2022-07-25 0:00:00,Yes,Medium,34070.04,92,8.3
605,100858,27,123540,191386.28,759,9,Hyderabad,Corporate,Mobile,2022-04-26 0:00:00,yes,Low,48491.86,100,2.0
606,100406,22,51958,65941.6,582,8,Chennai,Retail,Agent,2025-01-11 0:00:00,Yes,Medium,36931.23,98,2.4
607,100753,28,106571,61332.17,633,10,Mumbai,Premium,Branch,2022-08-05 0:00:00,Yes,Medium,18749.53,43,7.9
608,101207,21,114489,265374.99,587,6,Pune,Premium,Mobile,2023-06-22 0:00:00,Yes,Medium,6053.97,143,3.8
609,100310,45,82660,30824.48,820,5,Mumbai,SME,Branch,2023-11-19 0:00:00,YES,Low,39040.77,67,3.6
610,100227,50,147413,158167.85,832,14,pune,Retail,Agent,2023-02-05 0:00:00,Yes,Low,19029.64,148,1.5
611,101733,56,,,554,3,Chennai,Corporate,Branch,2021-09-28 0:00:00,Yes,High,14592.55,100,8.0
612,101815,62,75939,177605.05,592,15,Pune,Retail,Online,2021-08-26 0:00:00,Yes,Medium,,68,3.6
613,101560,51,43474,13212.11,835,2,,Premium,Online,2023-03-26 0:00:00,No,High,40385.31,82,6.8
614,100856,,166826,123401.84,307,2,Pune,Corporate,Agent,2025-01-01 0:00:00,No,High,19667.28,16,6.3
615,101048,57,141981,162493.93,358,7,Chennai,SME,Mobile,2023-05-11 0:00:00,Yes,High,17807.84,50,7.4
616,100149,57,200136,74072.23,767,15,Kolkata,Corporate,Online,2023-07-29 0:00:00,Yes,Low,11905.89,11,3.1
617,101798,25,112960,55035.72,796,2,Hyderabad,Corporate,Online,2022-03-30 0:00:00,No,Low,45607.85,74,4.6
618,101081,44,189433,246494.38,464,1,Bangalore,Retail,Online,2025-08-29 0:00:00,Yes,High,15906.64,57,1.8
619,100862,55,,43316.29,535,4,Pune,Corporate,Agent,unknown,NO,High,5016.9,78,6.2
620,100846,32,50592,231222.76,566,6,Delhi,Corporate,Branch,,1,Medium,8623.66,28,4.0
621,101390,,222149,-,386,14,Hyderabad,Corporate,Agent,2023-07-21 0:00:00,No,High,25880.46,missing,6.1
622,100576,46,198359,129030.86,739,9,Mumbai,SME,Agent,2023-01-03 0:00:00,Yes,Low,38345.9,145,9.9
623,100558,57,113009,270670.92,833,13,pune,Retail,Branch,2021-11-02 0:00:00,No,Low,24324.86,117,2.0
624,100722,69,96031,129162.06,732,5,Delhi,Retail,Online,2021-12-23 0:00:00,Yes,Low,40842.88,25,8.0
625,101913,18,90087,83353.55,850,1,Delhi,SME,Mobile,2025-06-06 0:00:00,1,Low,3944.3,95,6.9
626,101988,34,67604,185990.57,805,14,Kolkata,SME,Online,,Yes,Low,25733.95,68,1.7
627,101732,66,147232,31677.46,790,8,Bangalore,Premium,Agent,2022-02-16 0:00:00,Yes,Low,13296.06,144,4.4
628,101980,52,160450,78741.18,402,4,Delhi,SME,Branch,2022-08-27 0:00:00,Yes,High,5527.05,103,7.8
629,100994,55,211749,4652.5,611,7,delhi,Retail,Mobile,,Yes,High,36425.06,9,8.4
630,100287,26,,56352.86,815,3,Pune,Retail,Branch,2021-09-05 0:00:00,Yes,Low,36196.22,8,1.8
631,101636,26,113664,91347.76,528,15,Mumbai,Corporate,Mobile,2022-06-07 0:00:00,Yes,High,33662.16,66,1.7
632,101722,70,57994,,425,5,Chennai,Premium,Branch,2023-01-18 0:00:00,Yes,High,38384.92,111,9.2
633,100629,52,178515,81431.57,429,4,Chennai,Corporate,Agent,not_a_date,No,High,unknown,69,8.0
634,100599,27,92203,105780.78,315,14,Kolkata,Corporate,Mobile,2023-04-25 0:00:00,Yes,High,26074.35,131,3.7
635,100966,56,202731,203669.32,339,13,Mumbai,Premium,Online,2021-02-09 0:00:00,Yes,High,16017.03,15,3.2
636,101594,63,abc,,355,2,Delhi,Premium,Mobile,2025-11-23 0:00:00,No,High,21600.9,39,7.6
637,101669,21,36116,219347.2,361,7,Kolkata,,Branch,2022-08-29 0:00:00,No,High,22618.29,3,8.4
638,101619,19,196033,,584,15,Chennai,Corporate,Online,2021-12-25 0:00:00,Yes,Medium,23273.28,84,6.8
639,101076,51,35749,83537.26,545,1,Kolkata,Corporate,Online,2024-04-28 0:00:00,Yes,High,24918.36,124,6.1
640,101256,19,118980,185165.64,367,1,Mumbai,Corporate,Agent,2021-07-23 0:00:00,No,High,27811.67,147,6.1
641,100835,54,unknown,99910.46,384,7,Mumbai,Corporate,Agent,2026-01-12 0:00:00,Yes,High,703.02,86,9.7
642,100938,55,204967,93300.75,713,8,Pune,Premium,Agent,2024-09-19 0:00:00,Yes,Low,47767.94,138,9.1
643,100783,69,,35119.81,808,7,Mumbai,Retail,Branch,2025-01-11 0:00:00,No,Low,5393.88,146,5.3
644,101230,36,55841,22446.36,701,13,Kolkata,Retail,Online,2022-05-24 0:00:00,Yes,Low,,missing,6.1
645,101853,52,177850,268279.54,678,15,Chennai,,Branch,2023-01-23 0:00:00,No,Medium,15522.2,105,4.9
646,100610,,28712,18399.29,737,11,Kolkata,Premium,Online,2025-02-14 0:00:00,No,Low,17045.2,81,7.3
647,101432,75,79220,59547.32,345,9,Chennai,Retail,Branch,2025-06-25 0:00:00,Yes,High,42261.58,81,1.6
648,100825,61,150703,106791.31,313,6,Mumbai,Premium,Online,2024-06-08 0:00:00,Yes,High,31457.18,84,2.3
649,101451,40,67963,138717.35,not_available,5,Chennai,Premium,Mobile,2023-10-18 0:00:00,Yes,High,35739.24,55,2.6
650,101037,64,124853,213970.76,812,6,Delhi,Retail,Mobile,2022-12-13 0:00:00,Yes,Low,20523.56,118,4.4
651,100494,39,156691,190961.59,721,12,Kolkata,Retail,Mobile,2022-09-12 0:00:00,Yes,Low,44788.17,100,3.0
652,101588,52,55651,78702.89,575,14,Pune,Retail,Mobile,2021-07-05 0:00:00,Yes,Medium,23445.84,28,7.2
653,100278,22,60488,6608.08,850,2,Bangalore,SME,Online,2022-10-01 0:00:00,No,High,30996.88,48,7.2
654,101886,72,167312,95491.23,337,5,Hyderabad,Retail,Agent,2024-04-15 0:00:00,No,High,16106.39,26,6.0
655,100359,42,53380,,841,6,Chennai,Corporate,Branch,2022-07-25 0:00:00,No,High,44575.9,89,9.4
656,101673,62,157970,74362.01,554,13,Mumbai,Retail,Branch,2025-08-27 0:00:00,No,Medium,7588.28,86,1.9
657,100237,58,129101,298394.59,357,8,Chennai,SME,Agent,2022-10-26 0:00:00,No,High,3674.69,125,3.6
658,100552,64,149398,186611.87,668,12,Hyderabad,Corporate,Agent,2021-01-20 0:00:00,Yes,Medium,34965.04,106,8.5
659,101907,27,122136,69762.4,515,14,Chennai,Corporate,Online,2024-09-15 0:00:00,Yes,High,missing,133,3.4
660,100931,72,212226,219724.16,439,7,Mumbai,Retail,Online,2024-06-28 0:00:00,No,High,2773.54,33,2.4
661,100209,45,140672,241976.8,651,1,Chennai,SME,Branch,2025-11-29 0:00:00,Yes,Medium,14799.92,13,2.4
662,101415,50,215864,101931.07,446,2,Kolkata,SME,Online,2023-06-25 0:00:00,Yes,High,43879.43,137,7.9
663,101592,49,92263,139383.95,300,0,Pune,Retail,Online,not_a_date,No,High,14313.48,47,6.0
664,100059,75,189202,46296.47,495,11,Mumbai,Retail,Online,2022-06-26 0:00:00,Yes,High,36123.36,57,8.9
665,100632,68,134834,299863.18,846,7,Kolkata,Premium,Branch,2025-11-20 0:00:00,,Low,27872.29,59,7.2
666,101616,53,52624,265306.55,320,14,Mumbai,SME,Mobile,2025-06-12 0:00:00,Yes,High,40038.08,56,6.9
667,101899,70,151888,298405.25,686,14,Chennai,Corporate,Mobile,2025-10-25 0:00:00,Yes,Medium,8253.39,93,4.7
668,101609,24,121468,150143.19,591,3,Delhi,Retail,Branch,2023-06-02 0:00:00,No,Medium,20709.21,108,7.6
669,100364,19,139994,215896.14,531,4,Mumbai,Retail,Online,2021-06-04 0:00:00,Yes,High,45513.34,136,6.8
670,100506,32,236968,248817.49,358,12,Mumbai,SME,Online,2025-12-04 0:00:00,Yes,High,18979.11,69,1.7
671,101493,41,188663,22698.33,547,8,Hyderabad,Retail,Branch,2023-09-30 0:00:00,No,High,32863.33,9,1.6
672,101147,42,165938,185558.12,829,0,Chennai,SME,Mobile,2024-02-02 0:00:00,Yes,Low,24312.83,15,
673,101709,27,157197,273240.8,651,6,Mumbai,SME,Branch,2025-09-13 0:00:00,No,Medium,17860.57,79,3.5
674,101885,47,120028,142938.38,616,8,Hyderabad,Premium,Agent,2022-03-01 0:00:00,Yes,Medium,,144,10.0
675,101647,27,207779,,331,0,Delhi,Premium,Branch,2021-06-01 0:00:00,No,High,6575.63,unknown,
676,101406,43,109730,179187.73,818,8,Hyderabad,,Branch,2023-04-27 0:00:00,No,Low,18393.18,unknown,4.2
677,101007,55,53141,69464.53,unknown,1,Hyderabad,Corporate,Agent,2021-08-10 0:00:00,Yes,High,,142,9.1
678,100119,18,,68546.02,300,7,Pune,SME,Agent,2024-11-10 0:00:00,Yes,High,42124,12,9.5
679,101275,22,91912,199260.51,617,2,Chennai,Corporate,Mobile,2023-08-21 0:00:00,No,Medium,43137.45,3,6.5
680,100793,61,217018,188245.97,545,12,Kolkata,Corporate,Online,2026-01-03 0:00:00,Yes,High,42061.41,64,5.8
681,100523,64,70272,180919.29,470,15,Mumbai,Premium,Mobile,2024-07-22 0:00:00,Yes,High,19119.29,29,3.8
682,100514,61,89178,256266.57,617,14,Chennai,Premium,Online,2021-11-15 0:00:00,No,Medium,38202.91,45,4.4
683,100082,21,192581,162760.31,352,4,Bangalore,Premium,Mobile,2024-09-16 0:00:00,Yes,High,44178.63,116,6.6
684,100939,20,161728,unknown,481,2,pune,Retail,Branch,2021-02-25 0:00:00,Yes,High,47965.78,14,1.3
685,101042,48,218021,47603.66,389,0,Delhi,Corporate,Branch,2021-05-22 0:00:00,Yes,High,27689.11,45,6.5
686,100381,34,186099,25602.4,837,6,Kolkata,Retail,Branch,2021-12-07 0:00:00,No,Low,1928.47,139,7.8
687,101822,34,97954,240061.9,802,14,Kolkata,SME,Branch,2023-07-19 0:00:00,Yes,Low,17696.17,78,4.5
688,101833,missing,111516,184345.73,531,3,Delhi,Corporate,Online,2025-12-19 0:00:00,Yes,High,11130.59,65,3.0
689,100085,35,174859,67883.73,629,7,Bangalore,Retail,Online,2022-08-16 0:00:00,No,Medium,5725.99,145,7.9
690,101712,43,33438,103967.63,629,0,Mumbai,Retail,Mobile,2021-07-18 0:00:00,,Medium,46708.34,45,7.4
691,101531,unknown,147788,46810.74,725,5,Hyderabad,Corporate,Branch,2023-10-12 0:00:00,Yes,Low,1177.04,77,3.5
692,100330,22,202235,113194.1,496,4,Pune,Corporate,Online,2021-07-18 0:00:00,Yes,High,40195.06,142,4.7
693,100007,38,42602,131561.55,330,4,Hyderabad,Retail,Mobile,2022-04-03 0:00:00,Yes,High,28274.95,138,8.5
694,101188,47,241739,250137.59,850,0,Bangalore,Premium,Agent,2021-09-17 0:00:00,No,Low,,10,7.3
695,101271,52,133821,57217.8,421,8,Chennai,SME,Branch,2023-04-17 0:00:00,Yes,High,12546.8,79,5.8
696,101819,not_available,,164008.9,705,3,Hyderabad,Retail,Agent,2024-01-06 0:00:00,Yes,Low,10926.96,112,3.5
697,100907,72,160509,not_available,829,3,Pune,SME,Online,2025-02-13 0:00:00,Yes,Low,6662.7,135,4.9
698,100452,19,89674,94544.11,633,7,Delhi,SME,Mobile,2024-03-03 0:00:00,Yes,Medium,37848.9,40,3.2
699,100491,19,108310,117557.49,577,8,Hyderabad,Premium,Mobile,2025-09-04 0:00:00,No,Medium,29344.71,133,8.5
700,101512,45,55682,234615.23,458,1,Kolkata,Retail,Branch,2023-02-24 0:00:00,Yes,High,3263.99,138,7.3
701,100288,23,,215937.44,490,2,Pune,Premium,Mobile,2022-05-23 0:00:00,Yes,High,13133.95,62,1.2
702,100944,54,54984,171573.66,549,11,Hyderabad,Premium,Agent,2025-11-11 0:00:00,Yes,High,28154.73,146,1.4
703,100100,,228617,13433.54,421,11,,SME,Online,2022-03-06 0:00:00,,High,32979.41,112,3.4
704,101396,22,82775,224827.8,649,10,Delhi,SME,Branch,2025-05-02 0:00:00,Yes,Medium,36100.23,10,7.5
705,101868,66,77142,243677.44,473,8,Delhi,Retail,Mobile,2022-03-11 0:00:00,No,High,abc,4,8.1
706,101757,51,201168,128886.86,405,12,Pune,,Agent,2021-10-16 0:00:00,No,High,30022.3,148,2.3
707,101305,42,192807,222480.79,576,1,Hyderabad,Premium,Online,2025-08-20 0:00:00,Yes,Medium,20282.1,40,4.7
708,101736,71,,24607.11,563,8,Bangalore,Corporate,Online,2025-11-30 0:00:00,Yes,Medium,974.49,67,7.6
709,101953,21,103002,237004.45,372,5,,SME,Mobile,2025-10-02 0:00:00,No,High,40691.14,35,6.9
710,101467,70,,52002.92,535,13,Bangalore,Premium,Mobile,2026-03-03 0:00:00,Yes,High,39459.3,53,6.5
711,101341,59,138175,88184.73,312,4,Bangalore,Corporate,Online,2022-04-14 0:00:00,No,High,21389.26,30,6.4
712,101112,62,,202277.65,704,5,Bangalore,SME,Mobile,2021-01-21 0:00:00,No,Low,18130.26,125,
713,101689,55,211733,95266.37,413,13,Kolkata,Retail,Online,2026-01-26 0:00:00,Yes,High,43150.81,20,9.2
714,100328,65,125734,282895.15,505,6,Delhi,SME,Agent,2022-01-25 0:00:00,Yes,High,19698.33,47,5.5
715,100443,20,,195287.2,787,3,Delhi,Premium,Branch,2022-05-20 0:00:00,Yes,Low,40792.21,118,8.0
716,101660,19,235129,79354.74,456,0,Mumbai,SME,Agent,2023-02-27 0:00:00,No,High,42512.45,54,7.7
717,101103,73,67080,28298.23,341,4,Mumbai,Premium,Agent,2022-06-14 0:00:00,1,High,32389.95,53,3.9
718,101488,42,190814,282797.75,785,14,Bangalore,Corporate,Online,2022-09-04 0:00:00,Yes,Low,8600.27,46,1.6
719,101461,26,142666,132017.41,686,1,Chennai,Retail,Agent,2022-05-15 0:00:00,,Medium,7991.39,9,10.0
720,100178,21,200485,177904.35,739,11,,SME,Mobile,2024-10-25 0:00:00,Yes,Low,13733.56,63,4.2
721,100786,42,56910,63925.5,491,11,Hyderabad,Retail,Mobile,2023-10-10 0:00:00,,High,27098.07,21,4.8
722,101385,62,80506,59952.38,672,12,Hyderabad,SME,Agent,2023-04-01 0:00:00,Yes,Medium,42472.25,28,4.5
723,100087,61,204917,135037.01,422,10,Chennai,Retail,Mobile,2025-10-18 0:00:00,Yes,High,25274.5,91,10.0
724,101437,31,246178,102427.58,422,7,Bangalore,Corporate,Online,2024-02-03 0:00:00,No,High,49200.37,94,5.4
725,101940,54,135155,158914.19,452,15,Kolkata,SME,Branch,2021-03-30 0:00:00,Yes,High,21293.1,65,2.5
726,100458,,146750,192845.67,849,7,Delhi,,Branch,2025-01-06 0:00:00,Yes,Low,23120.53,15,5.0
727,101867,73,missing,165933.59,722,14,Pune,SME,Agent,2024-09-19 0:00:00,No,Low,3634.3,84,4.9
728,100055,21,223747,179607.72,485,10,Hyderabad,Retail,Mobile,2023-01-06 0:00:00,No,High,14062.53,53,5.5
729,101533,36,51928,107500.4,366,5,Hyderabad,Retail,Branch,2021-09-16 0:00:00,No,High,14410.88,97,1.7
730,100644,30,26177,80654.02,479,11,Chennai,Corporate,Online,2022-07-26 0:00:00,Yes,High,abc,87,6.2
731,100678,54,202953,152001.79,416,1,Bangalore,Corporate,Online,2024-12-22 0:00:00,Yes,High,31783.57,112,2.3
732,100222,23,,220208.93,639,11,Mumbai,Premium,Online,2024-08-01 0:00:00,No,Medium,14970.5,12,9.4
733,100114,18,26435,174066.46,525,4,bangalore,Premium,Branch,2023-08-05 0:00:00,Yes,High,30630.09,32,7.8
734,101161,57,unknown,277514.15,735,11,Chennai,Premium,Mobile,2025-03-02 0:00:00,Yes,Low,11142.12,143,3.0
735,101337,20,125483,69616.72,741,6,Bangalore,Corporate,Branch,2024-05-21 0:00:00,Yes,Low,8900.81,50,8.2
736,101030,,96229,164409.71,554,11,Chennai,Retail,Agent,2024-05-14 0:00:00,Yes,Medium,38691.72,79,8.3
737,100175,66,233330,213265.42,673,10,Pune,SME,Branch,2024-07-09 0:00:00,No,Medium,41695.18,89,1.9
738,100808,45,41456,25290.39,677,15,Chennai,Retail,Agent,2024-02-16 0:00:00,Yes,Medium,41132.24,85,4.8
739,100590,65,228532,109306.27,470,7,Delhi,Premium,Online,2021-11-13 0:00:00,No,High,42773.04,28,1.0
740,101987,35,231940,11425.89,420,14,Chennai,Retail,Branch,2024-12-08 0:00:00,No,High,13958.47,40,9.4
741,100019,20,106121,202626.06,407,13,Hyderabad,Premium,Mobile,2021-03-03 0:00:00,Yes,High,6402.88,145,5.8
742,100424,46,182795,263776.53,415,8,Delhi,SME,Agent,2026-02-26 0:00:00,Yes,High,17177.88,38,4.7
743,101982,75,137082,33362.62,497,11,Pune,SME,Mobile,2023-11-02 0:00:00,Yes,High,10643.34,140,1.6
744,100286,50,31368,227883.43,314,14,Kolkata,Corporate,Agent,2023-07-14 0:00:00,Yes,High,33257.38,25,7.6
745,101615,36,212772,64561.34,365,5,,SME,Branch,2024-10-28 0:00:00,Yes,High,33651.29,22,3.4
746,100429,52,113397,87343.27,616,8,Bangalore,SME,Online,2023-11-07 0:00:00,Yes,Medium,12668.44,76,9.6
747,101541,71,162660,82727.22,703,9,Chennai,Corporate,Agent,2023-06-21 0:00:00,Yes,Low,13015.27,142,4.6
748,101420,61,153046,130693.44,302,9,Kolkata,Corporate,Branch,2024-01-30 0:00:00,Yes,High,8619.98,13,7.8
749,100670,46,81088,,743,10,Bangalore,Corporate,Agent,2023-11-14 0:00:00,Yes,Low,43609.08,119,6.8
750,100032,39,165975,286209.94,343,6,Delhi,Premium,Agent,2023-05-10 0:00:00,No,High,11089.18,41,5.3
751,101995,73,219387,76278.37,741,12,,,Online,2025-01-16 0:00:00,Yes,Low,5330.17,124,8.2
752,100723,36,67668,263395.35,637,5,Bangalore,,Agent,2024-06-14 0:00:00,Yes,Medium,16497.89,4,2.6
753,101166,58,179960,abc,670,15,Pune,SME,Branch,2022-01-28 0:00:00,No,Medium,4344.46,100,6.1
754,100215,44,107970,89530.47,765,9,Bangalore,SME,Agent,2023-11-06 0:00:00,NO,Low,12618.04,19,7.2
755,101924,54,163923,81535.95,468,14,Kolkata,Premium,Mobile,not_a_date,Yes,High,46647.26,71,2.3
756,101272,47,28754,104118.71,316,11,Chennai,SME,Mobile,,Yes,High,6894.6,36,3.8
757,100327,18,49826,272159.95,450,11,Bangalore,Premium,Online,2023-04-14 0:00:00,No,High,27311.25,30,9.2
758,100561,18,237112,8255.76,425,3,Kolkata,,Branch,2025-09-06 0:00:00,No,High,29828.08,64,6.7
759,101138,34,232888,191496.67,391,13,Mumbai,Corporate,Mobile,2024-09-21 0:00:00,No,High,31532.36,77,7.6
760,100701,58,139014,263802.31,381,13,kolkata,Corporate,Mobile,2021-09-13 0:00:00,No,High,42546.4,22,3.8
761,100775,54,213856,169097.99,429,9,,Corporate,Mobile,2025-04-23 0:00:00,,High,673.79,78,
762,101976,64,182584,,703,0,Chennai,Corporate,Online,2022-10-28 0:00:00,Yes,Low,26128.16,114,4.7
763,100342,not_available,61877,54842.17,624,10,Bangalore,Premium,Branch,2024-08-16 0:00:00,Yes,Medium,19689.17,34,1.3
764,100630,50,104973,37606.94,633,1,Mumbai,Retail,Branch,2025-08-08 0:00:00,Yes,Medium,37879.58,134,4.6
765,100148,61,148786,50501.09,abc,0,Delhi,Retail,Branch,2024-08-09 0:00:00,Yes,High,27008.53,135,3.7
766,101223,62,101971,165563.14,445,5,Kolkata,Premium,Online,2021-04-20 0:00:00,Yes,High,17025.18,132,5.1
767,100361,35,27356,55806.9,604,1,,Corporate,Mobile,2022-05-27 0:00:00,yes,Medium,2231.63,110,6.7
768,100084,46,117241,177085.66,missing,13,Hyderabad,Premium,Online,2025-05-03 0:00:00,Yes,Low,,126,8.6
769,100049,68,248180,missing,471,3,Mumbai,Premium,Online,2025-04-13 0:00:00,No,High,19454.36,74,9.7
770,100469,52,44816,69075.28,744,6,Delhi,Premium,Mobile,2025-03-20 0:00:00,Yes,Low,3392.33,83,4.5
771,100156,64,36745,203216.2,-,1,Pune,Premium,Branch,2024-01-09 0:00:00,Yes,Low,2656.25,71,9.0
772,101125,35,88936,4722.87,470,11,Hyderabad,SME,Mobile,2024-08-15 0:00:00,Yes,High,28574.65,16,9.4
773,101054,20,247084,176551.48,538,8,Kolkata,SME,Agent,2024-07-25 0:00:00,Yes,High,30981.73,63,8.1
774,101226,23,123989,50435.44,381,0,Bangalore,Premium,Branch,2025-07-20 0:00:00,Yes,High,5050.93,abc,1.9
775,101842,47,164544,12740.97,692,3,Chennai,Premium,Online,2021-03-09 0:00:00,Yes,High,21296.66,44,1.6
776,101468,43,169565,145745.23,325,2,Delhi,Premium,Branch,,Yes,High,16058.59,114,4.9
777,101761,70,227041,180957.65,568,0,Mumbai,Retail,Agent,2024-10-17 0:00:00,Yes,Medium,45631.02,90,6.4
778,100501,39,203686,275816.22,431,11,Delhi,Corporate,Branch,2025-08-01 0:00:00,Yes,High,7284.86,74,6.1
779,101801,34,137782,,509,8,Hyderabad,Premium,Mobile,2024-07-25 0:00:00,Yes,High,19528.24,62,8.5
780,100180,54,122883,106038.22,574,6,Hyderabad,Premium,Agent,2024-05-06 0:00:00,Yes,Medium,49305.61,41,9.8
781,101671,75,156354,234484.64,401,13,Hyderabad,,Branch,2022-08-28 0:00:00,Yes,High,2866.65,6,5.7
782,101792,66,211368,,350,4,Mumbai,SME,Branch,2024-06-22 0:00:00,No,High,31529.25,115,4.1
783,100860,33,127747,149829.53,825,0,Mumbai,Retail,Online,2022-11-19 0:00:00,Yes,Low,11539.13,62,6.3
784,100910,-,246427,238345.69,734,3,Hyderabad,Retail,Agent,2024-05-20 0:00:00,Yes,Low,27113.6,134,5.5
785,101182,23,,205710.16,318,3,Mumbai,Premium,Branch,2023-01-10 0:00:00,No,High,14904.67,79,10.0
786,101651,40,82828,241489.12,661,11,Bangalore,Premium,Agent,2022-09-05 0:00:00,No,Medium,40774.58,76,6.5
787,100529,30,162710,13817.02,798,6,Hyderabad,Premium,Mobile,2026-01-29 0:00:00,Yes,High,24327.11,23,9.0
788,100347,69,166398,80690.41,683,13,Pune,Corporate,Branch,2022-11-26 0:00:00,Yes,Medium,22202.23,138,7.6
789,101655,68,177110,23042.23,328,13,Mumbai,Corporate,Mobile,2022-05-28 0:00:00,No,High,19161.17,27,5.2
790,101861,43,204272,44465.24,368,10,Hyderabad,Corporate,Mobile,2022-01-24 0:00:00,No,High,30335.13,41,2.7
791,101978,66,111795,59291.77,736,7,Chennai,Premium,Mobile,2024-05-08 0:00:00,Yes,Low,585.38,114,4.9
792,101119,64,32099,267513.26,444,7,Mumbai,Retail,Agent,2023-09-28 0:00:00,No,High,24085.92,24,
793,101038,74,56174,-,466,10,Kolkata,Corporate,Agent,2023-12-28 0:00:00,NO,High,14929.94,109,9.4
794,100602,53,,138988.1,309,11,mumbai,Corporate,Mobile,2025-02-17 0:00:00,Yes,High,43903.98,105,9.1
795,101909,,34885,165315.29,807,14,Hyderabad,,Online,2021-02-22 0:00:00,yes,Low,1263.04,53,4.8
796,100244,56,107503,1699.74,374,14,Mumbai,Retail,Agent,2025-07-11 0:00:00,Yes,High,4171.55,22,3.9
797,100924,50,56750,258891.72,824,3,Hyderabad,Premium,Agent,not_a_date,No,Low,11358.72,102,7.3
798,101091,,142360,124572.29,719,6,delhi,SME,Online,2024-09-30 0:00:00,,Low,2695.17,103,7.1
799,101506,abc,206098,224448.25,641,8,Hyderabad,Corporate,Mobile,2022-10-22 0:00:00,No,Medium,16741.12,44,4.2
800,100313,67,240048,214511.62,784,10,Kolkata,Retail,Online,2024-10-02 0:00:00,Yes,Low,,11,5.2
801,100436,20,160720,142020.26,634,8,Kolkata,Corporate,Online,2024-10-14 0:00:00,Yes,Medium,32161.03,92,3.1
802,101939,54,162653,282473.06,732,15,Pune,SME,Mobile,2024-06-13 0:00:00,N,Low,31552.56,100,5.2
803,101270,72,82804,,407,4,Hyderabad,Premium,Online,2021-01-06 0:00:00,Yes,High,20861.64,110,1.7
804,100309,28,96626,120733.99,665,11,Chennai,,Branch,2021-05-26 0:00:00,No,Medium,29507.81,116,6.7
805,100431,69,58142,45698.34,394,8,Pune,Corporate,Mobile,2025-10-10 0:00:00,No,High,37514.94,13,8.2
806,100661,68,214420,36609.15,797,7,Kolkata,Corporate,Branch,2021-08-11 0:00:00,Yes,Low,48398.53,56,6.5
807,100371,21,193484,unknown,845,13,Bangalore,Corporate,Online,2021-04-14 0:00:00,N,High,43052.37,missing,7.6
808,100567,,198895,203864.98,411,11,Kolkata,Retail,Agent,2021-09-19 0:00:00,Yes,High,,143,4.4
809,101704,29,140357,208141.67,744,14,Mumbai,Corporate,Mobile,2025-03-28 0:00:00,No,Low,48178.53,8,6.1
810,100182,56,78268,11394.47,738,1,Chennai,Retail,Mobile,2023-02-28 0:00:00,Yes,High,44383.27,23,6.1
811,101777,61,214139,45532.62,449,0,Delhi,SME,Agent,2023-01-25 0:00:00,Yes,High,missing,96,3.4
812,100622,45,60643,missing,343,2,Mumbai,Retail,Online,2023-08-22 0:00:00,,High,18873.12,43,6.9
813,101294,54,116396,154155.22,631,14,Pune,Retail,Branch,2024-09-16 0:00:00,Yes,Medium,11349.63,9,9.1
814,101330,57,125082,156585.9,773,9,Delhi,Retail,Branch,2021-06-14 0:00:00,N,Low,,3,4.9
815,100989,31,64922,121370.6,555,9,Kolkata,Premium,Branch,2021-08-23 0:00:00,Yes,Medium,48132.76,60,9.2
816,100814,30,140395,,392,14,Bangalore,,Mobile,,Yes,High,,102,5.4
817,101450,71,47436,235261.85,487,14,Pune,Premium,Branch,2021-11-12 0:00:00,Yes,High,47327.11,89,9.3
818,101879,61,84711,121417.52,832,4,Mumbai,Corporate,Branch,2024-03-02 0:00:00,Yes,Low,,27,8.6
819,100975,18,189685,66570.14,795,10,Hyderabad,Premium,Mobile,2024-08-27 0:00:00,Y,Low,,26,2.1
820,101117,24,205302,95431.33,329,13,bangalore,Premium,Mobile,2025-01-14 0:00:00,No,High,42376.07,71,3.3
821,100297,36,237133,90958.22,368,15,Kolkata,Corporate,Agent,2022-03-28 0:00:00,No,High,34153.71,41,6.2
822,101818,49,166521,108826.08,398,5,Mumbai,SME,Mobile,2025-12-23 0:00:00,,High,40035.88,54,3.2
823,100462,71,58397,217494.35,609,14,,Premium,Agent,2023-03-22 0:00:00,No,Medium,33263.58,20,8.3
824,101329,70,192823,156022.22,470,5,Mumbai,Corporate,Branch,2023-06-16 0:00:00,No,High,33771.36,83,7.8
825,101260,37,89028,91087.18,300,2,Pune,Retail,Agent,2022-03-09 0:00:00,Yes,High,25000.13,141,6.2
826,100378,25,41309,204658.16,738,10,Pune,Corporate,Agent,2025-03-24 0:00:00,Yes,Low,28968.07,134,6.1
827,100799,36,247374,217717.77,383,7,delhi,Corporate,Mobile,2025-05-14 0:00:00,,High,26156.6,33,6.1
828,101855,62,215747,86475.47,375,14,Chennai,Premium,Agent,2026-01-21 0:00:00,No,High,15186.96,31,7.4
829,100106,41,227053,2013.12,632,3,Delhi,Retail,Agent,2021-05-27 0:00:00,No,High,40652.23,52,3.4
830,100127,52,,118630.28,764,5,Hyderabad,SME,Agent,2021-04-25 0:00:00,Yes,Low,35877.03,54,4.5
831,101470,52,32531,204645.95,570,9,Pune,Corporate,Mobile,2025-03-09 0:00:00,Yes,Medium,23494.65,143,5.8
832,101323,34,170016,218839.13,719,15,Kolkata,,Branch,,Yes,Low,26574.11,135,8.9
833,100870,53,169467,122289.86,721,14,Kolkata,Corporate,Branch,2021-11-09 0:00:00,No,Low,32914.15,120,
834,100356,65,208651,33293.26,569,1,Delhi,Premium,Agent,2021-10-15 0:00:00,Yes,Medium,30380.4,140,2.8
835,101648,47,58243,217269.76,373,12,Mumbai,Premium,Mobile,2023-06-24 0:00:00,Yes,High,48174.18,35,9.6
836,100683,52,82716,37314.85,723,5,Hyderabad,Premium,Agent,,No,Low,17254.79,54,9.5
837,101774,20,57602,27981.43,745,0,Kolkata,Premium,Branch,2024-01-04 0:00:00,Yes,Low,29482.95,138,4.2
838,101550,25,154350,74931.65,794,5,Delhi,SME,Agent,2025-11-19 0:00:00,Yes,Low,44786.05,138,6.1
839,100905,62,90450,271067.53,512,5,Hyderabad,,Mobile,,Yes,High,3584.73,66,6.6
840,100210,,,142945.02,457,13,Pune,Corporate,Online,2025-01-13 0:00:00,Yes,High,9024.81,128,8.7
841,100917,38,233029,,476,9,Hyderabad,Premium,Online,2023-09-22 0:00:00,Yes,High,9835.65,68,6.0
842,100141,50,246946,45475.29,740,15,Delhi,SME,Branch,2022-10-07 0:00:00,Yes,Low,47065.5,102,3.1
843,101466,74,67821,,554,8,Pune,Corporate,Online,2022-01-26 0:00:00,Yes,Medium,28066.09,145,4.7
844,101384,29,162069,183231.22,673,2,Kolkata,SME,Agent,2024-09-18 0:00:00,YES,Medium,33241.32,20,3.4
845,102000,31,79245,44508.1,324,6,Bangalore,Premium,Online,2025-12-24 0:00:00,Yes,High,5314.08,16,1.4
846,101606,35,30774,71143.34,not_available,14,Hyderabad,Premium,Agent,2022-08-24 0:00:00,Yes,High,4077.46,123,1.2
847,101121,63,,121803.54,357,3,Hyderabad,Premium,Branch,2025-04-02 0:00:00,Yes,High,12733.68,60,7.1
848,101034,65,121774,227550.56,327,9,Bangalore,Retail,Online,2024-03-05 0:00:00,No,High,28097.15,129,9.0
849,101246,20,unknown,292611.98,708,3,Pune,Corporate,Branch,2022-09-01 0:00:00,Yes,Low,46422.75,137,2.2
850,100712,53,,294571.71,564,10,Kolkata,Corporate,Agent,2022-08-29 0:00:00,Yes,Medium,41280.11,28,1.8
851,101293,58,80147,124843.61,808,1,Chennai,SME,Online,2024-04-22 0:00:00,Yes,Low,44512.68,121,4.5
852,101938,75,248563,101190.85,378,6,Delhi,Premium,Mobile,2022-03-30 0:00:00,Yes,High,15159.65,61,6.2
853,101285,-,34496,,unknown,7,Hyderabad,Premium,Agent,2021-05-26 0:00:00,No,Low,12962.09,117,8.0
854,100893,52,154992,222759.25,409,13,Mumbai,Premium,Agent,2024-03-25 0:00:00,,High,5036.09,102,4.9
855,100011,40,119377,83346.62,850,2,Mumbai,Premium,Agent,2024-10-17 0:00:00,Yes,Low,20846.61,139,8.8
856,101729,57,156717,237156.15,653,12,,Premium,Mobile,2025-03-11 0:00:00,Yes,Medium,10410.94,not_available,8.9
857,101546,55,180331,126228.36,508,9,Pune,Corporate,Mobile,2021-02-01 0:00:00,Yes,High,48261.71,1,7.7
858,100283,28,219555,10100.75,680,10,Pune,Corporate,Mobile,2023-06-17 0:00:00,Yes,High,16013.58,31,3.1
859,100811,56,166178,245175.69,308,14,Chennai,Premium,Branch,2025-10-04 0:00:00,Yes,High,14766.77,111,4.9
860,101554,20,87032,278430.55,791,15,Mumbai,SME,Agent,2023-08-20 0:00:00,No,Low,40010.06,56,2.7
861,100292,37,137755,166397.2,453,4,Hyderabad,Premium,Branch,2021-02-13 0:00:00,No,High,47319.3,19,9.3
862,100755,64,224648,22212.67,460,15,Mumbai,Corporate,Mobile,2024-09-21 0:00:00,Y,High,34613.28,34,8.3
863,100627,29,118680,245408.02,484,8,Mumbai,Corporate,Branch,2023-08-01 0:00:00,Yes,High,33482.11,31,6.6
864,100979,47,60262,209182.63,786,4,Pune,Premium,Agent,2022-05-22 0:00:00,Yes,Low,13888.22,29,4.1
865,101304,,190268,279696.83,624,14,Kolkata,Premium,Agent,,Yes,Medium,40245.03,53,3.2
866,100130,22,34077,146355.36,719,2,Mumbai,Corporate,Mobile,2021-03-07 0:00:00,No,Low,15990.81,124,6.8
867,101201,48,120457,179032.93,509,15,Kolkata,SME,Branch,2025-11-23 0:00:00,Yes,High,30010.06,1,3.1
868,100844,66,35526,296297.88,691,12,Pune,Corporate,Mobile,2025-09-17 0:00:00,Yes,Medium,45383.75,131,6.3
869,100324,69,181755,169495.31,498,0,Delhi,Corporate,Online,2025-05-26 0:00:00,No,High,29926.46,77,3.3
870,101114,31,244861,139747.73,492,1,Bangalore,Retail,Online,2022-01-27 0:00:00,Yes,High,,62,6.1
871,100875,45,29895,213888,745,9,Mumbai,Retail,Mobile,2023-04-15 0:00:00,No,Low,1606.17,23,7.1
872,101000,47,193918,222924.46,667,9,Pune,Premium,Branch,2025-03-12 0:00:00,Yes,Medium,36577.29,113,3.7
873,101904,61,48567,92258.94,403,13,Chennai,Premium,Mobile,2025-06-24 0:00:00,Yes,High,37951.82,103,7.6
874,101821,24,111661,38245.7,438,1,Chennai,SME,Mobile,,Yes,High,9402.48,27,5.2
875,100906,22,35382,23292.23,557,4,Mumbai,Retail,Mobile,2025-03-11 0:00:00,No,Medium,9386.65,1,1.8
876,100696,72,37289,35547.71,640,1,Pune,Retail,Mobile,2022-11-08 0:00:00,Yes,Medium,26631.54,145,6.6
877,100216,74,110553,72114.72,387,8,Pune,Corporate,Branch,2026-02-13 0:00:00,Yes,High,11274.46,143,3.8
878,101055,44,85428,55611.83,666,9,Hyderabad,Premium,Online,2025-12-31 0:00:00,Yes,Medium,31872.53,128,3.9
879,101914,47,185237,231453.62,555,10,Mumbai,SME,Mobile,2025-06-03 0:00:00,Yes,Medium,25070.04,120,2.7
880,101288,57,185878,197424.78,656,8,Pune,Premium,Agent,2026-03-08 0:00:00,Yes,Medium,,147,8.3
881,100159,18,148395,163448.3,836,7,Pune,SME,Mobile,2024-04-12 0:00:00,Yes,Low,not_available,abc,5.0
882,101308,42,181570,256411.04,815,12,Delhi,Premium,Agent,2021-05-03 0:00:00,Yes,Low,4999.5,74,2.1
883,101035,28,51715,4388.48,635,1,Kolkata,SME,Agent,2025-05-22 0:00:00,Yes,High,47865.98,17,8.8
884,100926,58,229872,236829.66,509,4,pune,Corporate,Branch,2021-05-12 0:00:00,Yes,High,37995.38,135,1.6
885,100842,64,67828,154083.31,380,7,Pune,Corporate,Mobile,2025-03-20 0:00:00,Yes,High,8907.05,72,9.2
886,100635,29,50537,228744.87,845,13,Kolkata,Corporate,Agent,2021-02-18 0:00:00,Yes,Low,4655.61,138,6.0
887,100517,21,144273,69611.95,355,9,Bangalore,Retail,Online,2024-05-23 0:00:00,Y,High,46794.89,46,5.6
888,101457,57,185381,227239.33,801,3,Bangalore,Premium,Mobile,2023-05-01 0:00:00,N,Low,12722.37,36,1.2
889,101552,72,44446,185771.71,630,12,Bangalore,Premium,Online,,Yes,Medium,48312.2,141,4.7
890,100598,75,54165,232171.87,505,9,Delhi,Premium,Mobile,2025-12-11 0:00:00,,High,4653.18,77,10.0
891,100196,62,233033,147425.45,827,7,Chennai,SME,Branch,2024-01-05 0:00:00,Yes,Low,25639.17,87,5.3
892,101675,40,162701,109233.83,411,14,Delhi,Premium,Mobile,2023-03-22 0:00:00,No,High,9654.79,123,8.7
893,101565,49,111544,282054.96,506,13,Mumbai,Retail,Online,2025-10-12 0:00:00,Yes,High,13085.49,92,9.1
894,100411,66,-,114774.1,386,12,,Retail,Online,2022-03-22 0:00:00,Yes,High,,141,6.4
895,100097,40,153232,153504.42,446,4,Delhi,Retail,Agent,2021-11-30 0:00:00,No,High,39602.44,102,2.8
896,100441,71,226207,71747.63,686,13,Bangalore,,Agent,2025-12-29 0:00:00,Yes,Medium,36836.17,112,6.9
897,101740,41,71305,133358.48,787,3,Bangalore,Retail,Branch,2026-02-14 0:00:00,Yes,Low,4335.62,51,2.3
898,100157,31,51029,70511.16,728,7,Delhi,Corporate,Agent,2022-06-23 0:00:00,Yes,Low,11254.24,148,4.4
899,100420,52,109878,171194.89,523,8,Delhi,Retail,Branch,2021-04-13 0:00:00,No,High,4054.47,121,3.3
900,101841,48,33787,132709.96,801,3,Delhi,Retail,Mobile,2022-07-27 0:00:00,Yes,Low,19868.2,not_available,2.5
901,100478,62,132803,278598.09,429,10,Kolkata,Premium,Agent,2022-03-13 0:00:00,no,High,,39,9.2
902,101895,-,106768,171792.86,590,9,Bangalore,Corporate,Mobile,,N,Medium,31999.23,116,1.6
903,100669,28,64310,199543.86,514,1,Hyderabad,Corporate,Branch,,Yes,High,25569.83,53,8.4
904,101062,38,125689,,760,14,Hyderabad,Premium,Online,2025-02-11 0:00:00,1,Low,9734.62,88,4.0
905,101912,22,91314,89422.7,631,1,Delhi,Corporate,Agent,2023-01-04 0:00:00,Yes,Medium,35773.93,114,5.3
906,101428,59,145312,162300.87,710,1,Hyderabad,Retail,Agent,2021-09-06 0:00:00,,Low,22930.25,125,2.4
907,100448,49,150818,217688.16,845,6,Hyderabad,Corporate,Mobile,,No,Low,46827.33,80,7.6
908,100554,49,73320,115896.95,683,4,Kolkata,Retail,Branch,2021-06-04 0:00:00,No,Medium,40945.7,44,6.0
909,100179,47,249695,179736.18,801,6,kolkata,Corporate,Agent,2023-05-15 0:00:00,No,Low,,140,9.0
910,100391,unknown,195515,251479.61,483,11,Hyderabad,SME,Online,,No,High,,93,3.3
911,100579,22,135169,120282.53,413,15,Hyderabad,Premium,Mobile,2022-05-27 0:00:00,Yes,High,5982.05,-,1.8
912,101273,48,52044,164171.26,495,14,Mumbai,Premium,Agent,2024-11-12 0:00:00,Yes,High,42942.03,57,3.0
913,101741,,202109,,580,0,Chennai,SME,Online,,Yes,Medium,29866.34,126,7.6
914,101314,31,240971,181155.29,609,14,Bangalore,,Agent,2025-08-16 0:00:00,No,Medium,20530.44,2,3.9
915,101697,44,135454,83923.79,729,0,Pune,Premium,Online,2022-12-23 0:00:00,Yes,Low,21657.05,105,5.8
916,100932,23,45609,264498.74,845,3,Kolkata,Premium,Mobile,2023-12-30 0:00:00,No,Low,,73,5.0
917,100821,55,224083,-,771,12,Hyderabad,SME,Branch,2022-10-12 0:00:00,No,Low,43187.83,6,1.4
918,101908,47,76631,67809.96,511,6,Hyderabad,Retail,Agent,2025-11-10 0:00:00,Yes,High,43106.06,125,5.4
919,101503,66,158715,66918.62,383,14,Delhi,Retail,Online,2024-01-18 0:00:00,Yes,High,12109.93,68,4.5
920,101474,28,92155,189671.45,558,12,Delhi,Premium,Mobile,2021-05-23 0:00:00,Yes,Medium,47387.74,70,
921,100665,75,226039,9257.37,413,13,pune,Premium,Online,2025-02-01 0:00:00,Yes,High,25241.2,73,5.6
922,100143,72,177499,291222.65,478,13,Pune,Premium,Branch,2024-09-04 0:00:00,Yes,High,43628.01,19,10.0
923,101548,21,244625,281132.68,777,10,Pune,Corporate,Mobile,2021-10-23 0:00:00,Yes,Low,45478.45,27,9.4
924,101458,32,171150,88521.7,384,4,Hyderabad,Retail,Mobile,2025-09-06 0:00:00,Yes,High,48868.69,125,9.9
925,100865,45,218783,,319,13,Kolkata,Corporate,Agent,2021-10-11 0:00:00,No,High,26342.64,33,2.2
926,100422,54,183562,198902.2,671,0,Chennai,Premium,Agent,2023-09-04 0:00:00,Yes,Medium,29352.03,40,6.6
927,100637,18,132522,44880.43,814,3,Mumbai,Retail,Mobile,2022-01-31 0:00:00,,Low,15886.88,37,10.0
928,101799,,88278,178242.56,702,8,Bangalore,Retail,Branch,2024-08-19 0:00:00,Yes,Low,1455.31,105,8.3
929,100800,56,195604,185174.71,454,15,Mumbai,Premium,Online,2023-05-21 0:00:00,Yes,High,46418.1,81,8.7
930,101090,47,220113,79201.3,361,9,Pune,Premium,Agent,2024-06-03 0:00:00,Yes,High,not_available,68,3.0
931,100616,33,114152,-,396,15,Chennai,Corporate,Branch,2024-12-07 0:00:00,Yes,High,17335.39,77,2.5
932,100295,43,77326,,unknown,13,Mumbai,Premium,Agent,2022-04-17 0:00:00,Yes,Medium,5494,111,8.0
933,101436,46,78072,81885,637,4,hyderabad,SME,Branch,2022-09-29 0:00:00,Yes,Medium,28874.54,46,3.6
934,100963,45,,153685.43,665,2,Chennai,Premium,Agent,2025-09-06 0:00:00,Yes,Medium,46361.78,26,1.4
935,101943,56,74678,292553.99,356,12,Pune,Retail,Agent,2026-02-05 0:00:00,Yes,High,40760.49,37,9.3
936,100089,27,117124,227805.31,638,8,Pune,Premium,Online,2025-11-10 0:00:00,Y,Medium,7932.61,108,1.2
937,100042,68,109082,240106.46,545,1,Pune,Corporate,Mobile,2021-11-23 0:00:00,Yes,High,,71,4.5
938,101840,35,47010,38332.4,622,9,Chennai,SME,Agent,2023-04-16 0:00:00,Yes,Medium,47851.73,148,8.9
939,101974,22,27261,136614.94,433,5,Chennai,Premium,Agent,2024-01-29 0:00:00,No,High,26329.88,54,4.5
940,100132,56,,250644.07,433,3,Delhi,Retail,Mobile,2022-10-09 0:00:00,Yes,High,25287.39,107,5.9
941,101902,33,95910,202110.52,368,11,hyderabad,Premium,Agent,2024-01-12 0:00:00,Yes,High,20770.07,29,9.6
942,100410,,201422,22915.48,471,12,Hyderabad,Corporate,Branch,2022-08-31 0:00:00,Yes,High,13678.3,140,1.7
943,101906,74,99813,238952.56,499,7,Mumbai,SME,Agent,2021-08-14 0:00:00,Yes,High,44088.83,142,3.1
944,101894,,39849,35868.6,670,0,Pune,,Mobile,2025-06-04 0:00:00,Yes,Medium,25810.56,123,8.1
945,101371,64,missing,255894.6,625,6,,Premium,Branch,2022-12-14 0:00:00,Yes,Medium,15260.77,67,7.2
946,101566,67,223241,14035.75,570,1,Kolkata,Retail,Agent,2024-10-13 0:00:00,Yes,High,13320.42,36,2.2
947,100165,44,224950,62192.7,474,14,Mumbai,Retail,Online,2022-03-26 0:00:00,No,High,5505.7,39,5.3
948,100725,64,232738,74139.47,430,8,Pune,,Mobile,2022-09-09 0:00:00,Yes,High,35576.71,137,7.0
949,100291,20,244724,246429.6,436,11,Chennai,SME,Mobile,,Yes,High,21594.5,136,8.1
950,101361,39,52766,228868,365,3,Mumbai,Premium,Online,2026-02-20 0:00:00,Yes,High,44485.33,80,6.5
951,101567,24,75669,95895.62,414,0,Bangalore,Premium,Online,2025-10-26 0:00:00,Yes,High,24672.74,138,8.7
952,101937,missing,57174,231134.17,840,6,Pune,Retail,Branch,2023-10-29 0:00:00,NO,Low,48493.82,120,4.9
953,101381,46,134458,56741.73,538,11,Delhi,Premium,Online,2024-11-21 0:00:00,No,High,6458.96,89,
954,101640,52,188730,125954.61,690,12,Kolkata,Retail,Online,2025-07-06 0:00:00,Yes,Medium,38337.76,139,1.4
955,100779,,137418,157726.87,621,6,Mumbai,Corporate,Agent,2025-12-20 0:00:00,Yes,Medium,13110.56,75,2.6
956,100840,74,120673,236030.85,318,13,hyderabad,SME,Branch,2023-07-11 0:00:00,No,High,10032.52,73,7.1
957,100349,66,157632,190301.92,660,15,Mumbai,Premium,Online,2025-10-31 0:00:00,Yes,Medium,,118,6.4
958,101985,52,180072,48761.4,536,5,Hyderabad,SME,Agent,2021-07-23 0:00:00,No,High,48806.72,3,7.8
959,100572,68,187962,abc,697,15,Delhi,SME,Branch,2025-06-19 0:00:00,No,Medium,7660.42,80,7.8
960,100918,43,216703,123328.08,438,6,Hyderabad,Retail,Branch,2021-03-01 0:00:00,Yes,High,28300.81,107,
961,101014,68,122539,211990.28,481,9,Bangalore,Corporate,Online,2023-02-08 0:00:00,No,High,29268.67,111,3.7
962,101927,18,223652,195884.9,604,12,Kolkata,Premium,Online,2025-03-08 0:00:00,Yes,Medium,29525.02,50,8.8
963,101499,43,66800,235050.02,548,7,Pune,Retail,Mobile,2022-12-08 0:00:00,0,High,11039.41,65,4.3
964,101623,37,178335,63265.87,372,3,chennai,Premium,Online,2023-02-23 0:00:00,Yes,High,44169.51,10,2.4
965,101344,64,48705,283399.72,824,3,Pune,Retail,Online,2025-10-29 0:00:00,No,Low,23116.28,140,5.6
966,101883,59,71733,139144.27,319,2,Delhi,Premium,Agent,2025-04-17 0:00:00,Yes,High,23625.12,136,5.2
967,100137,26,140374,298457.39,440,14,Mumbai,Corporate,Mobile,2026-02-14 0:00:00,yes,High,22841.13,66,8.2
968,100459,50,143154,242958.06,313,2,Chennai,SME,Mobile,2022-10-06 0:00:00,Yes,High,16749.48,137,6.4
969,100376,37,33946,292377.54,584,13,Delhi,Premium,Branch,2021-07-11 0:00:00,No,Medium,18258.7,57,4.2
970,101369,30,120286,187896.71,850,11,Bangalore,SME,Mobile,2021-07-06 0:00:00,Yes,Low,2161.18,118,1.1
971,100334,26,184033,12687.52,508,14,Bangalore,Corporate,Branch,2023-05-18 0:00:00,Yes,High,,101,
972,101647,27,207779,,331,0,Delhi,Premium,Branch,2021-06-01 0:00:00,No,High,6575.63,unknown,
973,101595,60,35800,85709.88,846,8,bangalore,Premium,Agent,2021-07-25 0:00:00,Yes,Low,6985.22,6,6.4
974,101963,60,202643,31901.19,744,0,Chennai,Premium,Mobile,2026-01-16 0:00:00,No,Low,,65,2.2
975,101893,56,153775,199985.13,312,13,Hyderabad,Premium,Online,2021-10-30 0:00:00,Yes,High,23727.62,124,2.4
976,101487,41,156234,168173.94,498,5,Hyderabad,Premium,Agent,2025-01-26 0:00:00,Yes,High,41479.58,110,4.5
977,100817,66,89315,201202.66,704,1,Delhi,Retail,Branch,2024-09-29 0:00:00,Yes,Low,28243.44,140,6.5
978,101600,71,230977,119468.34,624,4,Delhi,Premium,Online,2026-01-25 0:00:00,1,Medium,7418.7,133,9.3
979,100606,27,124304,117547.19,784,8,Delhi,Corporate,Branch,2023-04-24 0:00:00,Yes,Low,40116.08,33,7.6
980,101954,25,53803,95394.77,316,14,Pune,Premium,Branch,2023-04-03 0:00:00,Yes,High,,55,4.3
981,101502,38,,259039.72,801,2,Hyderabad,Premium,Branch,2025-04-12 0:00:00,No,Low,-,17,5.3
982,101041,33,94252,117226.55,469,14,chennai,Corporate,Mobile,2023-01-29 0:00:00,Yes,High,6155.3,80,8.2
983,100911,18,86929,265312.96,701,4,Chennai,Corporate,Branch,2026-01-13 0:00:00,Yes,Low,29858.74,55,8.3
984,101274,66,not_available,297531.86,626,14,Chennai,Retail,Mobile,2024-05-01 0:00:00,Yes,Medium,28134.69,129,5.6
985,101970,20,188399,184193.84,823,13,Hyderabad,Premium,Agent,2022-07-18 0:00:00,Yes,Low,35224.15,16,6.8
986,101504,24,65785,missing,664,9,chennai,Retail,Agent,2023-02-12 0:00:00,Yes,Medium,10041.34,29,4.1
987,100329,29,182702,126715.36,478,7,Hyderabad,Premium,Online,2021-07-13 0:00:00,No,High,5503.29,135,6.9
988,101058,67,246425,260591.89,679,5,,Corporate,Agent,2024-12-19 0:00:00,Yes,Medium,46629.18,59,7.0
989,100319,24,89881,282134.55,848,1,Mumbai,Retail,Online,2025-12-13 0:00:00,Yes,Low,6944.37,48,1.2
990,101561,50,202832,208000.55,839,12,Delhi,,Online,2024-08-23 0:00:00,No,Low,,49,4.5
991,101386,19,103229,16657.51,777,10,Kolkata,Corporate,Online,2025-07-25 0:00:00,1,Low,37715.41,104,3.5
992,101804,unknown,165600,242027.27,759,1,Hyderabad,Premium,Agent,2026-02-06 0:00:00,No,Low,11563.19,12,9.7
993,100168,32,173554,90146.82,410,5,Hyderabad,Retail,Online,2023-10-08 0:00:00,Yes,High,39158.23,65,9.5
994,100013,28,71542,85368.69,338,7,Pune,Premium,Mobile,2026-01-02 0:00:00,No,High,5438.27,49,6.8
995,101967,58,36190,135625.98,571,9,Kolkata,SME,Branch,2021-10-31 0:00:00,Yes,Medium,8247.14,105,5.2
996,100172,68,103797,219245.41,608,11,Delhi,Premium,Agent,2025-10-30 0:00:00,Yes,Medium,,122,9.0
997,100650,67,167628,38982.41,425,4,,SME,Branch,2025-09-24 0:00:00,Yes,High,44371.64,50,
998,101085,64,53380,232098.77,702,1,Pune,Premium,Online,2023-07-13 0:00:00,Yes,Low,37321.33,abc,1.8
999,100261,18,76195,1826.62,644,1,Hyderabad,Retail,Mobile,2021-09-20 0:00:00,Yes,High,49483.46,41,1.3
1000,101448,63,87812,34439.08,808,1,Kolkata,Retail,Mobile,2024-08-19 0:00:00,No,Low,11710,118,5.8
1001,100375,65,104561,221128.97,433,1,Delhi,Corporate,Branch,2021-01-31 0:00:00,Yes,High,12395.98,14,5.7
1002,100902,73,115373,81449.63,754,8,Kolkata,SME,Agent,,Yes,Low,592.7,86,1.1
1003,100673,42,61914,201316.59,373,0,Chennai,Retail,Branch,2026-01-17 0:00:00,Yes,High,47004.3,75,5.4
1004,100259,49,197760,173112.2,790,6,Kolkata,SME,Online,2025-04-18 0:00:00,Yes,Low,43265.87,37,8.4
1005,101537,68,-,41879.66,805,4,Hyderabad,Corporate,Branch,2025-11-17 0:00:00,Yes,Low,,145,7.2
1006,100845,31,93910,not_available,606,9,Mumbai,SME,Branch,2024-07-29 0:00:00,Yes,Medium,49883.69,104,1.1
1007,100868,75,238277,,428,8,Chennai,SME,Mobile,2023-02-24 0:00:00,No,High,47960.65,124,1.3
1008,101413,35,231636,105123.98,453,9,Chennai,Retail,Online,2023-10-18 0:00:00,No,High,34544.77,8,5.5
1009,100139,29,177267,26460.51,743,12,Pune,Corporate,Branch,2025-11-30 0:00:00,No,Low,13410.02,148,2.4
1010,100894,23,109416,22990.74,479,12,Chennai,Premium,Mobile,2023-02-19 0:00:00,Yes,High,6057.5,8,4.4
1011,101876,33,68472,24311.58,838,8,Delhi,,Online,2022-05-14 0:00:00,Yes,Low,34682.36,126,5.2
1012,100550,75,38669,133309.6,364,2,Bangalore,Premium,Online,2023-05-26 0:00:00,Yes,High,not_available,21,2.6
1013,100320,33,115827,24814.64,373,8,Mumbai,Premium,Branch,2024-03-15 0:00:00,Yes,High,,142,3.9
1014,101558,36,227779,153690.1,757,12,Chennai,Corporate,Agent,2024-06-30 0:00:00,Yes,Low,14937.11,102,9.0
1015,101262,54,80731,942.27,650,11,Bangalore,Retail,Branch,2024-09-14 0:00:00,No,High,37504.94,96,7.6
1016,101203,19,172977,292856.09,643,1,Mumbai,Corporate,Online,2024-03-21 0:00:00,Yes,Medium,9012.53,22,2.7
1017,100559,62,211481,263206.68,758,7,Kolkata,Corporate,Mobile,2024-01-23 0:00:00,0,Low,30034.81,126,9.7
1018,100140,51,102475,182063.2,618,0,Delhi,Retail,Mobile,2025-01-10 0:00:00,No,Medium,34295.82,37,4.6
1019,101771,42,174130,153491.57,515,1,Chennai,SME,Branch,,Yes,High,14158.17,48,1.2
1020,100532,47,34110,154405.09,445,14,Hyderabad,Retail,Online,2021-04-15 0:00:00,No,High,7240.62,34,6.5
1021,100225,26,77098,9164.84,544,6,Kolkata,SME,Agent,2022-02-12 0:00:00,Yes,High,17797.66,133,5.8
1022,100724,75,,181651.43,779,10,delhi,SME,Mobile,2024-03-11 0:00:00,No,Low,49122.1,4,8.0
1023,100787,62,151888,281717.13,655,2,,Retail,Branch,2023-03-30 0:00:00,Yes,Medium,22485.14,53,9.1
1024,101877,62,74437,248916.86,301,10,Delhi,Retail,Online,2021-09-15 0:00:00,No,High,6141.12,140,4.2
1025,100326,-,86550,171542.75,786,1,delhi,Corporate,Mobile,2025-07-12 0:00:00,no,Low,2227.84,37,3.1
1026,101289,39,113199,35103.52,715,10,Kolkata,Retail,Agent,2022-06-26 0:00:00,Yes,Low,15557.03,67,7.8
1027,100715,36,180683,48844.51,454,0,Kolkata,Retail,Branch,2022-01-28 0:00:00,Yes,High,12238.83,20,3.2
1028,100847,,53982,128248.7,746,8,Chennai,Corporate,Online,2025-04-18 0:00:00,No,Low,3198.87,43,1.6
1029,100194,19,37857,147579.33,642,1,Mumbai,Premium,Online,2024-10-28 0:00:00,Yes,Medium,6496.36,106,4.8
1030,100574,,72055,251897.9,506,6,Delhi,Retail,Online,2021-03-23 0:00:00,Yes,High,46696.3,101,6.9
1031,100947,36,30901,226159.52,784,5,,Premium,Branch,2021-04-13 0:00:00,Yes,Low,25653.79,25,4.0
1032,100504,59,25281,3908.87,381,12,Delhi,Premium,Branch,2024-09-20 0:00:00,Yes,High,33004.52,102,8.3
1033,101336,23,107617,112959.09,743,9,Pune,Retail,Mobile,2022-10-23 0:00:00,Yes,Low,47236.63,42,2.5
1034,101897,66,114709,241228.7,560,8,Kolkata,Retail,Mobile,2021-06-01 0:00:00,Yes,Medium,14803.41,17,3.7
1035,101824,43,92990,45206.25,328,8,Delhi,SME,Mobile,2024-10-05 0:00:00,Yes,High,7731.49,54,9.2
1036,100004,32,179946,253177.38,827,1,Kolkata,SME,Mobile,2025-02-27 0:00:00,No,Low,39975.7,111,7.3
1037,101362,19,93099,13635.75,369,0,,,Mobile,2022-07-24 0:00:00,Yes,High,16640.49,57,2.5
1038,100468,43,136453,149193.73,639,15,Hyderabad,Corporate,Branch,2022-10-10 0:00:00,Yes,Medium,35738.16,6,7.1
1039,100006,25,90160,138855.59,486,1,Bangalore,Premium,Online,2022-05-17 0:00:00,Yes,High,16070.03,70,5.2
1040,101402,23,190009,99661.67,488,0,,Corporate,Mobile,2024-09-08 0:00:00,Yes,High,570.2,113,1.1
1041,100548,18,179268,9785.38,831,5,Bangalore,SME,Branch,2024-02-04 0:00:00,No,High,33864.3,105,7.5
1042,100229,59,93760,193341.08,595,4,Kolkata,SME,Mobile,2021-11-27 0:00:00,N,Medium,4871.48,82,7.9
1043,100543,70,238883,148402.56,730,2,Pune,Retail,Mobile,2024-07-28 0:00:00,Yes,Low,47793,118,5.4
1044,100243,29,79615,,849,11,Pune,,Mobile,2025-08-31 0:00:00,Yes,Low,7144.8,126,4.9
1045,100899,42,43073,235907.32,531,0,Pune,Premium,Online,2025-03-24 0:00:00,No,High,38217.5,17,7.0
1046,101654,67,,100686.98,308,9,Bangalore,Corporate,Mobile,2024-11-14 0:00:00,Yes,High,26028.94,112,5.4
1047,101217,19,233497,,408,15,Pune,,Branch,2023-04-01 0:00:00,Yes,High,,130,9.9
1048,101962,27,36093,149790.88,517,11,Delhi,Premium,Agent,2021-05-31 0:00:00,No,High,14219.45,145,6.1
1049,100843,58,,76007.15,629,5,Mumbai,Premium,Online,,Yes,Medium,5762.14,129,4.4
1050,101447,43,119788,,791,4,,Premium,Online,2021-08-29 0:00:00,No,Low,14940.33,73,4.6
1051,101180,38,234112,136073.7,582,6,Hyderabad,Retail,Mobile,2022-08-30 0:00:00,Yes,Medium,5841.33,102,5.6
1052,101324,50,44873,171966.96,540,5,Mumbai,SME,Agent,2023-04-05 0:00:00,No,High,27122.97,129,
1053,100662,58,49596,37537.58,741,10,Hyderabad,Corporate,Mobile,2024-05-06 0:00:00,,Low,49809.27,120,5.4
1054,101236,64,206480,2611.84,499,13,Kolkata,Retail,Online,2024-05-05 0:00:00,1,High,26794.34,18,5.6
1055,100315,48,155406,268718.02,597,11,Bangalore,Corporate,Online,2022-03-15 0:00:00,Yes,Medium,,85,6.8
1056,100692,49,139793,162220.37,416,2,Mumbai,Retail,Online,2023-06-03 0:00:00,Y,High,1408.26,41,8.8
1057,101724,68,233347,93573.57,497,7,Chennai,Corporate,Mobile,2021-09-27 0:00:00,Yes,High,39590.74,15,1.6
1058,100425,66,179351,202674.03,not_available,14,Bangalore,Corporate,Agent,2025-10-13 0:00:00,No,Medium,37783.39,92,5.3
1059,100595,47,195954,248024.03,407,12,Bangalore,Premium,Branch,2025-06-27 0:00:00,No,High,14285.35,17,9.2
1060,100906,22,35382,23292.23,557,4,Mumbai,Retail,Mobile,2025-03-11 0:00:00,No,Medium,9386.65,1,1.8
1061,100623,49,187396,124783.17,326,1,Mumbai,Retail,Mobile,2022-04-01 0:00:00,Yes,High,4230.07,135,4.9
1062,101618,35,43489,248546.44,338,11,Hyderabad,Corporate,Online,2021-12-15 0:00:00,Yes,High,31093.12,116,4.3
1063,101357,44,not_available,112741.5,415,6,Kolkata,Premium,Mobile,2023-08-22 0:00:00,Yes,High,34344.67,72,3.4
1064,100228,68,25526,189763.23,389,13,,Premium,Agent,2025-04-11 0:00:00,Yes,High,13968.17,110,6.7
1065,101234,66,101272,,692,0,Pune,Premium,Mobile,2023-05-03 0:00:00,Yes,Medium,39156.19,113,1.9
1066,101358,72,193876,212436.55,461,12,Hyderabad,Corporate,Agent,2023-11-29 0:00:00,Yes,High,11806.71,16,8.1
1067,101221,43,170363,267567.93,395,6,Pune,SME,Online,2024-07-13 0:00:00,Yes,High,29999.11,107,7.5
1068,100067,24,,,324,1,Bangalore,SME,Branch,2023-02-15 0:00:00,Yes,High,9814.64,54,8.3
1069,100025,47,177826,218958.09,754,10,Chennai,Premium,Mobile,2021-02-24 0:00:00,Yes,Low,,71,1.1
1070,100145,41,52083,294032.7,454,13,Mumbai,SME,Branch,2023-03-22 0:00:00,No,High,18325.83,133,9.0
1071,100537,45,129061,268392.84,367,5,delhi,Retail,Branch,2022-07-21 0:00:00,Yes,High,49208.9,135,4.2
1072,100812,18,93008,153817.92,570,1,Bangalore,Premium,Online,2021-09-06 0:00:00,No,Medium,10119.15,95,1.7
1073,101145,30,,,455,12,Kolkata,Premium,Agent,2023-05-22 0:00:00,Yes,High,9242.38,123,4.6
1074,100086,43,151209,115271.89,unknown,11,,Retail,Agent,2021-06-13 0:00:00,Yes,Medium,9823.17,119,4.2
1075,101359,,171451,142706.35,842,9,Chennai,Premium,Agent,2024-08-27 0:00:00,Yes,Low,21439.22,144,3.4
1076,101209,23,201072,,564,5,Kolkata,SME,Branch,2022-01-13 0:00:00,No,Medium,14379.51,29,
1077,101710,62,223137,164224.45,357,13,Bangalore,Premium,Mobile,2021-10-08 0:00:00,No,High,14032.5,101,5.6
1078,101981,37,65583,157577.53,400,13,Mumbai,Retail,Online,2023-07-19 0:00:00,,High,35392.4,77,
1079,101856,51,30075,89634.86,530,3,Kolkata,Retail,Branch,2024-08-13 0:00:00,No,High,28357.12,68,3.0
1080,101810,42,211339,147779.7,328,8,Pune,Retail,Agent,2021-10-14 0:00:00,No,High,38639.22,76,1.7
1081,101170,43,191216,124148.24,808,2,Bangalore,Premium,Online,2022-07-21 0:00:00,Yes,Low,46706.9,84,7.3
1082,100363,35,117447,124739.25,410,14,Pune,,Online,2026-03-06 0:00:00,Yes,High,14296.01,127,9.3
1083,101643,39,96947,232887.14,688,9,Bangalore,Retail,Branch,2022-08-13 0:00:00,Yes,Medium,46585.92,39,4.3
1084,101178,70,198672,,628,13,Chennai,Retail,Agent,2025-09-02 0:00:00,Yes,High,13491.59,86,4.3
1085,101027,51,198540,14597.3,525,13,mumbai,SME,Branch,2022-09-10 0:00:00,,High,34700.57,26,7.0
1086,101031,30,124071,,728,5,Delhi,Retail,Mobile,2025-07-08 0:00:00,Yes,Low,3700.94,90,7.1
1087,101243,53,104751,109678.71,303,9,Pune,Corporate,Mobile,2023-07-12 0:00:00,no,High,22548.97,87,1.7
1088,101382,64,135384,276710.25,432,9,Delhi,Retail,Agent,2023-10-12 0:00:00,Yes,High,7607.08,42,6.9
1089,101194,20,133212,210792.06,495,3,,SME,Mobile,2024-11-29 0:00:00,Yes,High,11742.76,33,9.1
1090,100666,70,84182,15568.59,498,6,Mumbai,Corporate,Online,2025-05-30 0:00:00,Yes,High,19684.53,69,8.4
1091,100365,71,245971,111348.48,799,5,Mumbai,,Mobile,2023-06-27 0:00:00,Yes,Low,32637.52,63,9.7
1092,100078,19,130865,116217.78,728,14,Delhi,Retail,Branch,2022-01-29 0:00:00,Yes,Low,45647.19,74,6.1
1093,100028,38,137217,77451.98,682,15,Mumbai,Corporate,Online,2025-01-06 0:00:00,Yes,Medium,33746.32,142,7.7
1094,101465,69,68619,258940.66,529,13,Hyderabad,Corporate,Mobile,2023-02-25 0:00:00,Yes,High,10970.27,110,5.3
1095,100526,57,171470,113095.66,725,10,pune,Corporate,Online,2023-11-02 0:00:00,Yes,Low,9324.6,72,4.0
1096,101873,30,235748,116969.92,642,13,Chennai,Retail,Agent,2021-04-14 0:00:00,No,Medium,18134.29,106,4.1
1097,100056,42,221154,150646.08,663,9,Kolkata,Retail,Agent,2025-10-02 0:00:00,No,Medium,25503.28,91,7.3
1098,100639,57,31471,124340.91,331,14,Hyderabad,Premium,Branch,2022-11-04 0:00:00,Yes,High,39289.33,16,5.7
1099,100303,unknown,93577,120433.69,488,4,Delhi,Retail,Agent,2022-04-14 0:00:00,Yes,High,33290.28,116,6.7
1100,100719,45,125102,57428.3,453,15,Mumbai,Corporate,Online,2024-10-19 0:00:00,Yes,High,12262.25,120,5.4
1101,100625,37,239432,182889.3,847,7,Chennai,Premium,Online,2025-07-31 0:00:00,Yes,Low,22033.09,23,1.5
1102,100008,56,128320,65552.95,559,9,Bangalore,Premium,Branch,2021-10-13 0:00:00,No,Medium,26908.68,66,2.6
1103,100804,67,137356,149412.12,822,6,Pune,Premium,Agent,2024-11-26 0:00:00,no,Low,2592.32,68,5.9
1104,101050,73,179249,92071.35,missing,15,bangalore,Premium,Branch,2023-10-01 0:00:00,,High,,121,3.6
1105,100337,36,58662,253274.61,312,14,Hyderabad,Corporate,Online,2025-11-05 0:00:00,No,High,38370.64,136,2.3
1106,100048,54,96719,121271.92,786,14,Kolkata,Premium,Agent,2022-03-17 0:00:00,Yes,Low,5235.6,112,9.9
1107,101511,39,127304,9533.55,731,8,Delhi,Retail,Online,2024-03-17 0:00:00,Yes,High,24343.27,46,9.0
1108,100107,43,101242,115762.35,494,11,Delhi,Premium,Online,2024-06-01 0:00:00,Yes,High,38795.01,34,1.7
1109,100350,25,104148,299839.87,623,4,Pune,Premium,Agent,2021-08-12 0:00:00,Yes,Medium,14230.1,6,9.0
1110,101080,62,62487,,827,1,Chennai,Premium,Agent,2022-05-18 0:00:00,No,Low,9543.39,125,6.2
1111,100239,66,99744,695.26,596,5,Delhi,Retail,Agent,2021-02-09 0:00:00,YES,High,39748.66,133,4.0
1112,100214,74,230390,192059.49,612,14,Kolkata,Retail,Branch,2022-01-01 0:00:00,Yes,Medium,15148.88,not_available,2.3
1113,101279,70,108986,168766.56,418,9,Pune,Premium,Online,2022-08-14 0:00:00,Yes,High,4619.28,69,9.7
1114,101164,36,64279,193277.02,667,13,Hyderabad,SME,Online,2024-11-14 0:00:00,Yes,Medium,45906.51,26,9.9
1115,100794,71,63467,115684.05,672,6,Mumbai,Retail,Online,2025-03-18 0:00:00,Yes,Medium,21587.04,112,8.2
1116,101097,25,,128695.48,727,0,Pune,Retail,Agent,2022-10-28 0:00:00,Yes,Low,10280.44,89,9.6
1117,101205,45,150200,112632.33,508,9,Hyderabad,Retail,Mobile,2023-08-20 0:00:00,Yes,High,41725.73,65,7.5
1118,101755,62,43099,,823,5,pune,Premium,Branch,2023-08-18 0:00:00,No,Low,45855.41,133,9.4
1119,101614,65,139586,270474.9,833,7,Mumbai,Corporate,Branch,2024-03-05 0:00:00,,Low,36327.86,3,3.9
1120,101998,26,162868,203517.57,408,13,kolkata,Corporate,Branch,2023-05-31 0:00:00,YES,High,21555.09,59,4.9
1121,100524,52,114393,250622.35,594,15,Mumbai,Corporate,Branch,,Yes,Medium,23657.98,48,1.9
1122,100233,,104083,,400,9,Bangalore,Premium,Branch,2023-12-23 0:00:00,Yes,High,3706.22,98,9.8
1123,100645,29,160832,188530.21,817,4,Mumbai,SME,Mobile,2022-12-21 0:00:00,Yes,Low,5792.82,104,4.0
1124,101539,67,67891,228565.08,301,0,Mumbai,Corporate,Branch,2025-11-26 0:00:00,Y,High,,44,8.7
1125,100534,34,37115,76146.32,769,15,Hyderabad,Corporate,Branch,2024-07-23 0:00:00,No,Low,27363.71,29,3.2
1126,101624,28,,257157.5,778,3,Pune,Corporate,Branch,2024-06-23 0:00:00,No,Low,20406.45,59,8.0
1127,100604,69,98297,87008.76,424,0,Delhi,Retail,Branch,2022-11-12 0:00:00,Yes,High,17043.66,35,2.0
1128,101235,29,-,34329.46,793,1,,Retail,Online,2024-05-26 0:00:00,Yes,Low,49579.63,36,5.7
1129,101075,63,114881,138934.41,714,8,Mumbai,Retail,Agent,2025-02-06 0:00:00,Yes,Low,3003.49,126,6.2
1130,101331,57,245894,176679.92,833,4,Mumbai,,Branch,31/99/2024,Yes,Low,7094.72,55,5.9
1131,100061,43,122624,191363.13,abc,1,kolkata,,Branch,2021-03-30 0:00:00,Yes,High,34143.92,18,2.9
1132,101290,46,66321,239915.37,814,8,Hyderabad,,Online,2025-06-02 0:00:00,No,Low,23716.21,132,7.8
1133,100093,65,243335,111015.7,817,14,Delhi,Premium,Branch,2023-07-18 0:00:00,Yes,Low,33264.93,6,3.5
1134,100667,67,249372,42651.13,312,4,Hyderabad,Retail,Branch,2022-10-05 0:00:00,Yes,High,30847.08,98,
1135,100281,23,47431,164694.13,841,14,pune,SME,Online,2024-08-23 0:00:00,yes,Low,32836.94,18,4.7
1136,101139,,108588,219901.09,426,0,Pune,Retail,Agent,2024-04-06 0:00:00,Yes,High,9103.04,-,8.5
1137,100360,46,135198,257687.01,766,2,Hyderabad,SME,Agent,2023-08-06 0:00:00,Yes,Low,13865.25,6,2.7
1138,101765,34,101975,147669.69,443,5,Delhi,Premium,Agent,2025-09-29 0:00:00,Yes,High,10832.76,24,4.9
1139,101838,40,,277286.12,603,15,Pune,,Online,2023-09-30 0:00:00,Yes,Medium,1484.06,87,3.6
1140,100848,18,25207,61865.22,740,6,Hyderabad,Corporate,Agent,,No,Low,,97,
1141,101405,64,206360,191128.41,427,15,,Corporate,Agent,,Yes,High,48616.42,92,8.3
1142,100111,46,198279,254141.85,632,8,Delhi,SME,Branch,2025-02-02 0:00:00,No,Medium,17197.81,18,3.2
1143,100043,61,175201,198799.35,704,10,Delhi,Corporate,Mobile,2024-11-30 0:00:00,Yes,Low,23755.2,137,9.9
1144,100126,25,236467,124245.07,644,1,delhi,Corporate,Branch,2025-05-09 0:00:00,Yes,Medium,3664.2,36,5.4
1145,100205,not_available,43639,136793.78,788,3,Mumbai,Premium,Online,2021-11-20 0:00:00,Yes,Low,7908.84,115,3.5
1146,100053,56,32314,193935.03,721,5,Delhi,Corporate,Agent,2023-02-18 0:00:00,No,Low,31470.53,50,5.0
1147,100546,29,35225,190633.09,497,6,Bangalore,Corporate,Branch,2025-02-27 0:00:00,Yes,High,41277.98,110,5.3
1148,100069,25,219692,134655.92,484,13,Mumbai,Corporate,Agent,2024-02-05 0:00:00,Yes,High,48517.84,73,4.5
1149,101162,66,184342,189493.05,408,14,Delhi,Premium,Agent,2024-01-03 0:00:00,Yes,High,2340.18,59,6.5
1150,101579,64,233015,,338,12,Bangalore,Premium,Online,2024-06-18 0:00:00,Yes,High,23702.31,54,5.9
1151,100184,32,,164796.74,839,5,Bangalore,Premium,Online,2024-05-05 0:00:00,No,Low,12978.88,51,6.3
1152,100138,25,49860,163614.34,614,6,Chennai,,Agent,2024-03-07 0:00:00,No,Medium,47946.56,11,1.4
1153,100900,19,61035,189664.98,642,5,Pune,Retail,Mobile,2023-03-10 0:00:00,Yes,Medium,13509.31,unknown,7.0
1154,100797,27,101329,281895.45,779,4,Hyderabad,Premium,Online,2025-12-19 0:00:00,Yes,Low,28245.85,20,3.2
1155,100133,75,139682,,726,11,Kolkata,Corporate,Online,2023-04-02 0:00:00,No,Low,24733.26,120,1.2
1156,100081,59,233308,23284.39,496,2,Chennai,SME,Branch,2021-04-04 0:00:00,Yes,High,49288.86,125,5.7
1157,101892,52,206211,221551.76,812,13,Hyderabad,SME,Online,2025-05-05 0:00:00,Yes,Low,,103,3.6
1158,101572,72,151468,225008.52,374,9,Delhi,SME,Online,2025-01-11 0:00:00,Yes,High,48700.54,109,6.1
1159,100542,43,68753,286454.1,820,8,Bangalore,Corporate,Mobile,2021-09-25 0:00:00,No,Low,39682.91,119,6.6
1160,101627,20,116179,39721.38,475,10,Kolkata,Premium,Mobile,2023-10-17 0:00:00,Yes,High,17625.64,137,2.0
1161,100984,64,111269,38215.92,367,10,Mumbai,Corporate,Mobile,2021-11-09 0:00:00,Yes,High,33928.51,118,9.8
1162,100166,-,,,794,10,Delhi,SME,Agent,2021-10-11 0:00:00,Yes,Low,6054.47,68,4.9
1163,100249,66,182661,210010.28,830,2,Delhi,SME,Branch,2025-12-04 0:00:00,Yes,Low,42083.82,45,8.2
1164,100447,67,126520,61494.36,300,13,Chennai,Premium,Branch,2024-06-22 0:00:00,Yes,High,41879.48,13,6.5
1165,101174,23,207051,135873.32,803,9,Chennai,Premium,Online,2023-12-11 0:00:00,No,Low,43553.08,63,8.6
1166,100859,49,,250092.94,552,5,Kolkata,Premium,Mobile,2022-07-11 0:00:00,Yes,Medium,9095.15,100,5.9
1167,101284,29,129555,141260.21,478,6,Kolkata,Premium,Mobile,2023-07-19 0:00:00,Yes,High,23302.86,79,6.1
1168,100098,74,190904,49688.5,366,11,Chennai,Retail,Online,2023-01-29 0:00:00,Yes,High,3679.64,not_available,1.8
1169,100585,22,30704,76592.72,791,15,Chennai,Corporate,Agent,2025-12-16 0:00:00,No,Low,not_available,52,4.0
1170,100738,74,100388,,565,2,Pune,Retail,Agent,2022-10-22 0:00:00,No,Medium,23474.69,124,6.5
1171,101282,26,,,344,8,Delhi,Corporate,Agent,2024-12-10 0:00:00,No,High,abc,48,4.8
1172,100103,35,56575,101930.65,750,6,Hyderabad,Premium,Mobile,2024-12-08 0:00:00,No,Low,16695.98,48,8.9
1173,100435,50,150932,180987.54,797,9,Chennai,,Online,2021-05-20 0:00:00,Yes,Low,46109.18,107,9.1
1174,100075,unknown,210374,139982.34,478,8,Kolkata,Retail,Branch,2025-10-31 0:00:00,Yes,High,39608.67,100,6.8
1175,101829,31,228309,298324.58,363,14,Delhi,Retail,Mobile,2024-04-17 0:00:00,No,High,28367.58,39,8.0
1176,101227,43,109080,142485.29,727,15,Pune,SME,Branch,2024-02-27 0:00:00,,Low,34453.5,78,5.8
1177,100919,42,70033,,493,6,kolkata,SME,Branch,2023-03-08 0:00:00,Yes,High,34794.02,144,3.1
1178,101746,75,94615,unknown,326,1,Kolkata,Premium,Mobile,2025-08-16 0:00:00,0,High,45826.72,145,4.1
1179,101705,62,144052,165828.71,471,1,Bangalore,SME,Online,2025-01-16 0:00:00,No,High,35509.9,55,6.1
1180,101652,49,163311,15717.39,732,4,Kolkata,Premium,Branch,2024-08-01 0:00:00,Yes,Low,unknown,70,9.5
1181,100763,24,197693,178607.9,697,6,Pune,Retail,Mobile,2024-10-09 0:00:00,Yes,Medium,9461.99,114,6.7
1182,100990,19,235436,145303.33,652,10,Delhi,Retail,Agent,,Yes,Medium,12129,54,6.5
1183,100389,63,50963,72566.67,377,4,Delhi,SME,Mobile,2021-05-01 0:00:00,Yes,High,37447.75,149,8.6
1184,100236,41,33712,60195.31,836,15,Hyderabad,Corporate,Branch,2024-05-11 0:00:00,Yes,Low,19975.06,30,9.4
1185,101538,64,54055,,381,8,Kolkata,SME,Branch,2021-07-25 0:00:00,Yes,High,37209.64,10,2.6
1186,100268,23,71167,143477.97,780,1,Chennai,,Mobile,2025-11-22 0:00:00,No,Low,21552.75,85,5.1
1187,101490,69,98997,76181.33,499,10,Bangalore,Retail,Branch,2024-04-17 0:00:00,Yes,High,13976.25,87,2.3
1188,100118,,238269,291607.58,727,0,Bangalore,Corporate,Agent,2024-08-03 0:00:00,Yes,Low,14436.92,50,
1189,101638,70,235097,19707.63,439,5,Hyderabad,Corporate,Mobile,2021-01-20 0:00:00,Yes,High,10628.96,117,4.8
1190,100674,38,135350,130597.27,836,14,Hyderabad,Retail,Agent,,No,Low,21713.91,95,5.5
1191,100250,73,186087,31321.24,445,15,,SME,Agent,2024-03-07 0:00:00,Yes,High,40432.38,50,8.7
1192,101482,34,not_available,31755.97,389,0,Delhi,Premium,Online,2023-11-06 0:00:00,Yes,High,47848.12,64,5.9
1193,101081,44,189433,246494.38,464,1,Bangalore,Retail,Online,2025-08-29 0:00:00,Yes,High,15906.64,57,1.8
1194,100095,25,100418,117892.27,593,15,,SME,Agent,2025-09-05 0:00:00,Yes,Medium,,38,
1195,100034,42,66755,258864.15,400,11,Kolkata,,Online,2023-07-09 0:00:00,Yes,High,14945.25,39,9.8
1196,101494,50,249655,108462.42,563,7,Kolkata,Premium,Online,2025-11-08 0:00:00,No,Medium,5199.13,9,5.2
1197,101702,57,198942,218258.77,770,10,Kolkata,Corporate,Agent,2022-05-29 0:00:00,Yes,Low,48554.15,26,7.4
1198,100449,64,86272,185920.37,745,7,Hyderabad,Retail,Agent,2023-05-09 0:00:00,1,Low,,30,4.1
1199,100717,,132971,5938.7,830,14,Pune,Premium,Branch,not_a_date,Yes,High,36663.03,74,6.2
1200,101291,25,221167,36969.77,513,5,Bangalore,Retail,Branch,2025-06-09 0:00:00,Yes,High,,75,4.5
1201,101549,18,171424,93540.64,404,13,Pune,Retail,Mobile,2023-04-20 0:00:00,Yes,High,40521.41,2,5.3
1202,100001,56,108300,256240.8,455,10,,Premium,Agent,2024-08-02 0:00:00,Yes,High,39038.37,127,1.0
1203,101403,25,124134,,613,10,Mumbai,Premium,Mobile,2025-11-16 0:00:00,Yes,Medium,28218.23,51,7.1
1204,101102,64,162244,200031.57,354,1,,SME,Agent,2025-06-22 0:00:00,Yes,High,43457.51,139,6.5
1205,101109,31,207503,270928.12,657,3,Mumbai,Premium,Branch,2025-12-08 0:00:00,Yes,Medium,,10,9.2
1206,101252,,242322,81409.79,458,1,Delhi,Corporate,Agent,2024-06-25 0:00:00,N,High,8628.74,38,9.3
1207,100083,71,67534,258522.75,779,6,Mumbai,Premium,Branch,2022-04-12 0:00:00,Yes,Low,47849.91,71,
1208,101315,49,203773,172984.2,778,7,Mumbai,Retail,Agent,2024-03-11 0:00:00,Yes,Low,21737.88,75,5.5
1209,100677,27,193722,144750.13,726,11,Chennai,Corporate,Agent,2021-01-04 0:00:00,1,Low,26212.91,17,4.2
1210,101800,38,80077,123412.37,622,9,Chennai,SME,Mobile,2021-05-10 0:00:00,Yes,Medium,32844.88,6,7.4
1211,101047,21,31548,255775.49,732,7,Hyderabad,Corporate,Mobile,2025-10-06 0:00:00,Yes,Low,36498.49,83,1.8
1212,100771,75,116658,166013.7,636,6,Chennai,Corporate,Mobile,2022-05-17 0:00:00,Yes,Medium,43410.24,108,9.1
1213,101241,54,150588,6156.24,697,10,Pune,Retail,Branch,2023-12-07 0:00:00,Yes,High,,25,2.3
1214,101776,54,234184,40524.04,369,14,Hyderabad,Corporate,Mobile,2023-07-21 0:00:00,No,High,33040.96,79,9.9
1215,101612,38,171011,164241.45,733,10,Delhi,Premium,Branch,2023-12-24 0:00:00,No,Low,15637.23,94,2.0
1216,101520,40,90428,172331.03,515,12,Hyderabad,Premium,Branch,2023-08-27 0:00:00,Yes,High,28626.31,88,9.4
1217,100405,50,68585,80175.79,818,12,Chennai,Corporate,Mobile,2024-09-17 0:00:00,No,Low,12062.16,106,2.8
1218,101870,46,160565,199880.36,519,3,Kolkata,Premium,Mobile,2024-08-02 0:00:00,Yes,High,33293.6,60,8.7
1219,101325,64,65372,101294.79,654,11,Kolkata,SME,Mobile,,Yes,Medium,39145.54,21,6.5
1220,101367,71,144119,232065.82,763,14,Chennai,Premium,Mobile,2025-07-26 0:00:00,Yes,Low,21521.83,127,3.4
1221,100105,70,157079,113673.08,315,4,Bangalore,Corporate,Agent,2024-08-20 0:00:00,Yes,High,10972.85,10,2.6
1222,100689,49,169539,150326.36,617,5,Bangalore,Corporate,Branch,2024-10-05 0:00:00,Yes,Medium,14622.24,121,1.2
1223,101332,68,30110,225502.85,666,12,Pune,Retail,Agent,2021-03-23 0:00:00,No,Medium,10611.11,143,1.6
1224,100827,49,190575,23143.55,418,4,Mumbai,Premium,Branch,2025-01-13 0:00:00,Yes,High,32851.26,abc,2.5
1225,100063,19,136785,158997.46,471,7,Chennai,Premium,Agent,2023-07-30 0:00:00,Yes,High,16037.03,130,4.8
1226,100853,33,71479,257947.15,768,10,Hyderabad,Premium,Branch,2022-07-17 0:00:00,Yes,Low,38825.9,54,2.1
1227,101380,22,184803,274489.76,588,10,Mumbai,Premium,Agent,2023-04-24 0:00:00,yes,Medium,,72,8.0
1228,100224,44,209697,unknown,646,13,Chennai,Premium,Online,2024-01-06 0:00:00,Yes,Medium,34234.97,66,9.9
1229,100146,54,243118,143363.53,410,11,Hyderabad,Retail,Mobile,2025-12-17 0:00:00,Yes,High,30206.14,42,9.4
1230,101089,73,211388,139197.04,505,10,Hyderabad,Premium,Branch,,Yes,High,18149.53,72,1.7
1231,100374,38,216387,37717.28,514,7,Chennai,Corporate,Agent,2025-09-09 0:00:00,No,High,,17,4.1
1232,101449,53,32999,282459.87,557,2,Kolkata,Retail,Agent,2025-09-01 0:00:00,0,Medium,6892.25,88,6.7
1233,101143,42,200929,170845.35,785,2,Mumbai,Premium,Branch,2023-12-24 0:00:00,Yes,Low,44505.09,53,9.1
1234,101865,56,119840,247081.93,368,1,Bangalore,Retail,Mobile,2023-07-21 0:00:00,Yes,High,16511.63,48,
1235,101526,46,,268765.25,582,7,Delhi,,Branch,2024-09-21 0:00:00,Yes,Medium,20573.3,124,5.3
1236,101633,54,220238,57339.63,596,8,Kolkata,Retail,Online,2024-07-30 0:00:00,Yes,Medium,5623.13,39,5.6
1237,101388,48,67092,195454.7,599,14,Mumbai,Retail,Agent,2024-02-01 0:00:00,Yes,Medium,30836.34,23,8.2
1238,100010,36,50931,,828,11,Kolkata,Premium,Branch,2021-07-29 0:00:00,Yes,High,49095.5,87,6.9
1239,100450,39,248224,268822.53,378,7,,SME,Online,2024-09-08 0:00:00,N,High,24667.94,133,7.0
1240,100709,30,43743,93858.95,703,12,Kolkata,Premium,Online,2022-10-31 0:00:00,No,Low,49910.8,55,4.6
1241,100256,71,182215,91841.2,728,6,Chennai,Corporate,Online,2021-05-22 0:00:00,Yes,Low,33437.54,111,2.3
1242,100883,26,143413,224032.99,547,0,Hyderabad,Premium,Online,2023-05-11 0:00:00,Yes,High,20892,32,9.6
1243,100390,47,,273320.61,320,10,Hyderabad,Retail,Agent,2021-12-04 0:00:00,Yes,High,20499.48,65,4.3
1244,100909,50,220684,156479.82,525,5,Delhi,Retail,Branch,2025-06-27 0:00:00,Yes,High,7443.23,119,3.3
1245,100925,51,65461,not_available,341,0,Mumbai,Retail,Agent,2025-01-23 0:00:00,Yes,High,36843.81,115,7.0
1246,101738,72,68732,296926.92,414,1,Pune,Corporate,Agent,2023-12-24 0:00:00,No,High,6405.33,105,8.9
1247,101794,29,192670,36602.22,333,11,,Retail,Agent,2024-02-24 0:00:00,No,High,9889.97,101,2.5
1248,100461,60,69738,101202.04,646,3,Hyderabad,Retail,Agent,2022-06-28 0:00:00,Yes,Medium,8796.91,44,7.4
1249,101491,23,173087,,670,15,Hyderabad,Retail,Agent,2024-04-02 0:00:00,Yes,Medium,unknown,35,3.1
1250,101735,52,208214,160545.7,841,7,Mumbai,Premium,Agent,2024-01-10 0:00:00,Yes,Low,19264.79,136,9.8
1251,101169,69,152896,243077.58,500,9,Mumbai,Corporate,Branch,2023-09-19 0:00:00,Yes,High,,62,7.5
1252,100959,66,75200,,816,13,Kolkata,Retail,Agent,2025-03-21 0:00:00,Yes,Low,42839.14,56,8.2
1253,100502,66,247500,52828.64,559,0,Pune,Corporate,Branch,2024-02-10 0:00:00,N,Medium,9073.58,142,3.6
1254,100740,62,227903,297108.53,763,1,kolkata,Premium,Branch,2023-06-24 0:00:00,Yes,Low,,83,7.7
1255,101889,35,,177690.41,325,15,Mumbai,Corporate,Mobile,2025-11-17 0:00:00,no,High,28607.39,84,5.9
1256,100869,45,123452,177069.8,709,0,Mumbai,Premium,Branch,2024-11-22 0:00:00,Yes,Low,10697.86,143,8.7
1257,100732,69,165507,114432.31,345,7,Delhi,SME,Branch,2022-03-07 0:00:00,YES,High,5116.38,99,2.3
1258,100540,43,153335,46142.11,662,11,Hyderabad,Premium,Online,2022-11-15 0:00:00,No,Medium,14989.86,136,8.9
1259,101202,23,213938,150472.71,828,5,Chennai,Retail,Branch,2021-01-26 0:00:00,Yes,Low,44720.41,21,1.0
1260,100698,40,,214323.23,573,11,Pune,Corporate,Agent,2022-10-05 0:00:00,Yes,Medium,44281.33,78,7.5
1261,101421,53,240002,238344.25,363,1,Delhi,Corporate,Online,2021-09-26 0:00:00,Yes,High,1785.07,137,8.8
1262,101404,40,157723,12449.75,792,3,Mumbai,SME,Branch,2024-01-17 0:00:00,No,High,29737.43,52,3.4
1263,101146,37,73355,111445.78,816,4,Kolkata,Corporate,Mobile,2025-03-08 0:00:00,No,Low,27661.62,33,1.8
1264,101032,60,207268,105060.9,733,10,Kolkata,Retail,Agent,2021-09-05 0:00:00,No,Low,31245.7,41,9.0
1265,100373,31,247266,279242.19,817,13,kolkata,Premium,Agent,2024-01-13 0:00:00,No,Low,10484.38,117,7.7
1266,100668,62,112163,64018,570,1,Delhi,Retail,Branch,2023-06-13 0:00:00,Yes,Medium,3270.3,2,4.1
1267,101557,27,,71742.76,810,10,Mumbai,Retail,Branch,2022-11-25 0:00:00,Yes,Low,13937.3,57,9.1
1268,100358,52,239919,missing,818,7,Bangalore,Retail,Online,2022-01-11 0:00:00,No,Low,43378.56,104,7.4
1269,100968,75,153955,,654,15,Hyderabad,Retail,Mobile,2024-01-10 0:00:00,Yes,Medium,42061.65,32,8.9
1270,100784,34,188189,134725.42,537,10,mumbai,Premium,Branch,2024-11-27 0:00:00,No,High,2596.92,54,7.1
1271,100736,40,152959,34857.29,428,4,Mumbai,SME,Agent,2024-05-27 0:00:00,Yes,High,47271.34,78,9.3
1272,101036,68,52605,62172.69,368,6,Bangalore,Retail,Mobile,2021-03-26 0:00:00,No,High,44013.57,53,
1273,100971,71,135719,257192.67,310,11,Hyderabad,Premium,Mobile,2022-04-05 0:00:00,Yes,High,49104.93,64,1.3
1274,101556,27,122852,67194.76,835,1,,,Mobile,2022-06-27 0:00:00,No,Low,20099.08,149,7.5
1275,101518,30,91707,65477.96,548,2,Mumbai,Retail,Online,2022-10-14 0:00:00,Yes,High,38058.81,3,8.7
1276,101555,,231487,253458.7,748,2,Pune,Corporate,Mobile,2025-05-20 0:00:00,Yes,Low,6796.6,95,6.0
1277,101377,32,170298,100802.12,668,1,Bangalore,SME,Online,2025-10-23 0:00:00,Yes,Medium,2501.72,97,7.3
1278,101522,73,233537,206628.76,519,4,Chennai,Retail,Online,,Yes,High,38528.26,8,9.3
1279,101674,51,29135,209314.89,831,10,Pune,Premium,Agent,2024-09-10 0:00:00,Yes,Low,28118.46,115,9.6
1280,101253,40,214784,29574.88,578,12,Delhi,SME,Branch,2021-05-04 0:00:00,Yes,Medium,3271.02,142,6.4
1281,101728,28,120665,262535.41,822,10,Delhi,,Branch,2022-11-01 0:00:00,Yes,Low,955.68,9,6.8
1282,101750,36,116353,130308.45,468,6,Pune,Corporate,Branch,2025-03-09 0:00:00,Yes,High,4122.17,142,9.1
1283,101237,18,,46671.43,554,14,Hyderabad,Corporate,Agent,2025-06-08 0:00:00,Yes,Medium,34297.59,134,
1284,100886,37,30782,133860.37,681,1,,Premium,Branch,2025-04-26 0:00:00,Yes,Medium,46921.94,9,7.2
1285,100080,71,178962,121169.36,752,11,Kolkata,Premium,Online,2021-05-23 0:00:00,Yes,Low,30842.38,13,7.8
1286,101173,62,233432,173917.85,510,12,Kolkata,,Mobile,2025-04-06 0:00:00,Yes,High,34654.56,80,6.7
1287,100815,45,141492,68751.59,828,8,Hyderabad,Premium,Branch,2025-06-30 0:00:00,Yes,Low,30268.12,78,6.3
1288,100354,37,176094,,846,8,Kolkata,Retail,Agent,2024-04-01 0:00:00,Yes,Low,41123.43,105,9.2
1289,100672,53,missing,missing,746,7,Kolkata,SME,Mobile,2023-02-28 0:00:00,Yes,Low,21606.3,148,8.6
1290,101563,72,69629,69444.03,315,3,Mumbai,,Agent,2025-10-11 0:00:00,Yes,High,9133.32,5,9.2
1291,100058,67,130228,34721.28,822,10,,SME,Agent,2024-05-21 0:00:00,No,Low,9033.61,118,3.3
1292,100134,58,92889,112441.07,324,12,Pune,,Agent,2022-07-03 0:00:00,No,High,23077.22,101,8.0
1293,101141,43,113340,41530.65,537,10,Kolkata,SME,Branch,2023-08-28 0:00:00,Yes,High,16852.71,16,6.7
1294,100934,34,155513,190391.78,356,11,Bangalore,Premium,Mobile,2026-02-01 0:00:00,Yes,High,25456.75,87,7.1
1295,101719,60,117051,240855.36,814,9,Chennai,Corporate,Online,2023-06-22 0:00:00,No,Low,,142,8.0
1296,100824,75,170556,8851.22,802,15,Mumbai,Retail,Mobile,2023-06-26 0:00:00,Yes,High,47552.24,149,4.0
1297,101215,68,205217,232773.46,620,15,Bangalore,Premium,Online,2025-08-11 0:00:00,Yes,Medium,29265.56,148,2.9
1298,100505,23,183492,4257.01,582,14,Mumbai,SME,Agent,2021-08-01 0:00:00,Yes,High,41931.89,94,2.6
1299,101812,32,180024,241657.77,632,11,Pune,Corporate,Branch,,Yes,Medium,25959.16,45,4.9
1300,100348,28,135091,142621.98,515,7,Bangalore,SME,Online,2025-06-28 0:00:00,Yes,High,27834.65,44,3.2
1301,100387,72,203980,29960.05,465,7,Delhi,Retail,Agent,2023-04-02 0:00:00,No,High,40627.96,8,6.3
1302,101025,41,82009,28611.48,809,0,Bangalore,Retail,Online,2024-11-28 0:00:00,Yes,Low,16195.15,12,3.9
1303,100895,35,211186,261790.74,843,3,Pune,Premium,Mobile,,Yes,Low,36473.66,19,6.7
1304,100829,64,,106458.25,845,4,Mumbai,SME,Branch,2023-10-31 0:00:00,No,Low,47252.15,64,9.1
1305,101933,,242569,22391.53,610,0,Bangalore,Corporate,Online,2023-11-18 0:00:00,Yes,Medium,17684.76,131,1.2
1306,100476,74,238567,288693.06,741,12,Pune,SME,Online,2021-05-31 0:00:00,Yes,Low,40666.93,58,8.4
1307,101573,20,108457,159498.31,781,9,Pune,Retail,Online,2025-12-23 0:00:00,No,Low,20159.05,147,9.9
1308,101476,19,87424,117036.07,824,13,Kolkata,Retail,Agent,2025-05-02 0:00:00,Yes,Low,49528.05,108,2.3
1309,101425,,213490,254860.26,396,5,mumbai,SME,Branch,2025-12-09 0:00:00,Yes,High,28146.55,109,9.8
1310,100653,34,71819,212546.91,373,9,Delhi,SME,Online,2021-02-26 0:00:00,Yes,High,42465.62,92,9.1
1311,100173,49,77307,44395.24,837,11,Kolkata,Corporate,Online,2021-08-13 0:00:00,Yes,Low,23565.35,75,9.7
1312,101150,20,89027,132917.81,683,6,Chennai,Premium,Mobile,2024-12-10 0:00:00,Yes,Medium,49409.36,5,
1313,100039,33,165588,261479.32,823,4,Kolkata,SME,Branch,2021-01-14 0:00:00,Yes,Low,1065.92,88,4.4
1314,100714,58,144735,74253.02,378,10,Chennai,,Agent,2021-09-18 0:00:00,No,High,3508.08,29,3.4
1315,100091,31,189134,266895.61,328,9,Hyderabad,Corporate,Online,2023-02-18 0:00:00,Yes,High,16517.09,121,2.2
1316,101977,40,162788,40606.63,365,5,Bangalore,Retail,Mobile,,Yes,High,934.35,38,6.2
1317,101206,28,missing,240022.03,634,10,Mumbai,Premium,Branch,2023-09-08 0:00:00,Yes,Medium,1451.97,63,4.8
1318,100876,45,144968,3447.74,677,11,Chennai,Corporate,Online,2022-11-09 0:00:00,No,High,8989.89,41,8.3
1319,101553,56,27336,99632.93,515,0,Kolkata,SME,Mobile,not_a_date,No,High,23939.74,114,8.5
1320,101930,32,71403,163431.67,389,15,Kolkata,SME,Online,2023-07-08 0:00:00,Yes,High,5164.01,84,1.5
1321,101094,43,188856,189011.96,664,9,Chennai,SME,Online,,Yes,Medium,28489.45,73,8.3
1322,101156,64,149917,284760.21,526,3,Kolkata,Premium,Online,2021-09-05 0:00:00,Yes,High,32627.7,53,2.3
1323,101964,51,156265,,521,0,Bangalore,Corporate,Mobile,2021-06-15 0:00:00,Yes,High,19745.36,82,8.6
1324,101999,21,111716,177831.28,801,4,Bangalore,Premium,Branch,2023-07-14 0:00:00,No,Low,49779.69,98,2.3
1325,100500,75,222576,137689.04,515,7,Mumbai,Corporate,Mobile,2024-09-29 0:00:00,Yes,High,1900.1,76,4.1
1326,100339,33,212518,41734.75,674,12,Mumbai,Retail,Online,2021-04-21 0:00:00,Yes,Medium,35983.44,67,4.7
1327,101189,48,181299,,847,0,Pune,SME,Online,,No,Low,22062.52,149,3.6
1328,100029,50,66873,202382.36,741,6,Mumbai,Corporate,Agent,2024-08-23 0:00:00,Yes,Low,19763.65,111,9.1
1329,101218,32,117949,,821,0,bangalore,SME,Online,2023-10-05 0:00:00,Yes,Low,12129.95,144,1.0
1330,101352,46,105073,184576.1,558,11,Chennai,SME,Branch,2024-03-26 0:00:00,No,Medium,23886.79,67,6.5
1331,101859,60,53365,96817.97,514,4,Chennai,Retail,Mobile,2023-03-27 0:00:00,Yes,High,5969.82,44,6.9
1332,100946,27,229894,124420.75,407,1,Mumbai,SME,Agent,,No,High,,41,5.1
1333,100170,59,207047,,446,0,Kolkata,Premium,Online,2025-03-28 0:00:00,Yes,High,48905.85,2,5.1
1334,101433,26,118808,49465.43,365,15,,Corporate,Mobile,2022-05-06 0:00:00,Yes,High,25858.09,57,7.9
1335,101198,54,34503,184894.35,313,3,Kolkata,SME,Agent,2025-03-22 0:00:00,Yes,High,41656.06,62,8.5
1336,101254,27,68541,248794.27,703,10,Hyderabad,Corporate,Mobile,2024-06-02 0:00:00,0,Low,6490.28,103,9.7
1337,101762,26,58866,157080.16,711,5,Chennai,Premium,Agent,2025-01-23 0:00:00,No,Low,13089.83,97,2.6
1338,100913,,abc,138553.04,841,5,Kolkata,Corporate,Online,2023-09-27 0:00:00,No,Low,5403.29,21,6.3
1339,100492,49,223350,197734.13,738,8,Chennai,Premium,Branch,2024-01-18 0:00:00,NO,Low,24653.42,72,2.5
1340,100954,68,139099,164005.58,553,9,Mumbai,Premium,Branch,2022-11-23 0:00:00,No,Medium,25476.56,68,4.8
1341,101098,,129576,60319.55,416,1,Kolkata,Retail,Online,2022-08-01 0:00:00,Yes,High,21820.47,89,7.7
1342,101033,60,236426,203242.02,506,11,Chennai,Retail,Branch,2025-06-19 0:00:00,Yes,High,12148.61,142,5.0
1343,100588,43,243200,9842.89,837,2,Mumbai,Premium,Agent,2024-06-25 0:00:00,Yes,High,10020.99,142,8.3
1344,100751,46,113920,56944.59,633,3,Pune,Retail,Branch,2024-09-11 0:00:00,Yes,Medium,1350.06,100,4.4
1345,100658,27,215961,54058.73,583,13,Mumbai,Premium,Branch,2024-04-04 0:00:00,No,Medium,,49,6.1
1346,100235,49,59531,297163.81,327,11,Delhi,SME,Agent,2021-01-02 0:00:00,No,High,10970.67,71,1.7
1347,100733,38,208321,294614.86,601,7,Pune,Corporate,Branch,2023-05-31 0:00:00,Yes,Medium,46083.86,127,6.2
1348,100793,61,217018,188245.97,545,12,Kolkata,Corporate,Online,2026-01-03 0:00:00,Yes,High,42061.41,64,5.8
1349,101718,71,51819,101259.74,696,3,chennai,Premium,Branch,2025-06-04 0:00:00,Yes,Medium,38230.51,62,7.3
1350,101157,39,151303,249849.57,622,9,Pune,Retail,Agent,2025-01-17 0:00:00,Yes,Medium,44199.18,77,3.9
1351,101997,42,227416,158991.1,323,11,Bangalore,Retail,Agent,2022-03-17 0:00:00,Yes,High,37785.2,91,4.6
1352,101453,18,181351,74837.46,714,10,mumbai,SME,Online,2022-08-21 0:00:00,Yes,Low,25220.53,12,9.8
1353,101659,57,62991,91380.71,689,8,,Corporate,Branch,2022-02-12 0:00:00,Yes,Medium,11925.48,27,8.9
1354,100935,22,228981,,411,7,Mumbai,Retail,Agent,2023-03-18 0:00:00,No,High,42532.26,53,9.7
1355,101210,71,178240,64868.1,570,2,Bangalore,Premium,Online,2021-04-16 0:00:00,Yes,Medium,,69,9.8
1356,101066,59,25163,287549.35,777,14,Bangalore,Retail,Online,2024-06-15 0:00:00,Yes,Low,10283.57,66,1.9
1357,100109,62,54257,178796.65,308,7,Delhi,Premium,Agent,,Yes,High,23459.57,144,1.6
1358,101574,41,39357,161334.88,402,15,Mumbai,SME,Agent,2025-04-05 0:00:00,No,High,30150.01,92,5.1
1359,100569,29,79061,129414.19,421,13,Bangalore,Corporate,Mobile,2022-09-24 0:00:00,Yes,High,25877.86,128,8.3
1360,101168,23,86063,224338.3,796,15,,Retail,Agent,,No,Low,44010.12,5,8.2
1361,101175,,122661,284623.32,417,9,Kolkata,SME,Branch,2024-05-07 0:00:00,Yes,High,39947.12,25,7.0
1362,100891,missing,55682,166014.06,597,0,Delhi,Corporate,Agent,2025-12-09 0:00:00,No,Medium,14450.37,103,3.8
1363,100948,34,187624,,557,13,Bangalore,Premium,Online,2022-06-17 0:00:00,Yes,Medium,17587.6,126,9.6
1364,101049,21,229366,227480.19,498,8,Kolkata,Retail,Mobile,2025-08-12 0:00:00,Yes,High,5095.83,25,7.6
1365,101379,25,216675,232014.31,351,13,,Corporate,Online,2022-11-07 0:00:00,,High,49916.01,18,2.0
1366,101645,41,205231,169625.99,805,7,Chennai,SME,Branch,2024-01-25 0:00:00,no,Low,34978.68,59,4.3
1367,101475,55,170047,175081.51,346,5,Chennai,SME,Agent,2022-07-20 0:00:00,Yes,High,-,47,2.0
1368,100885,70,144264,247946.43,356,2,Mumbai,Corporate,Branch,2026-01-28 0:00:00,Yes,High,49755.11,69,9.9
1369,101707,70,26283,62576.51,346,11,Pune,SME,Branch,2024-09-12 0:00:00,No,High,not_available,138,1.8
1370,100851,71,93619,,608,10,Mumbai,SME,Mobile,2024-07-07 0:00:00,0,Medium,15420.53,102,5.7
1371,100735,70,106929,220046.02,488,11,Pune,Corporate,Online,2024-04-02 0:00:00,Yes,High,45452.54,9,1.7
1372,100718,24,37149,117204.63,837,6,Bangalore,Retail,Agent,2023-02-16 0:00:00,Yes,Low,31404.61,140,5.9
1373,100455,19,111475,158179.55,381,12,Pune,Retail,Online,2022-06-19 0:00:00,Yes,High,,16,7.1
1374,100265,61,206002,33879.49,481,8,Delhi,Premium,Online,2021-12-05 0:00:00,Yes,High,21915.8,110,6.0
1375,100076,57,72638,245016.96,732,2,Chennai,Premium,Mobile,2023-01-11 0:00:00,Yes,Low,39293.3,116,
1376,101691,29,30906,26277.39,328,10,Mumbai,Premium,Branch,2022-08-10 0:00:00,Yes,High,14302.46,10,5.0
1377,100445,63,225422,168388.06,555,4,Pune,Retail,Mobile,2024-05-02 0:00:00,No,Medium,30946.13,7,4.6
1378,100396,25,105818,99072.83,358,11,Bangalore,Retail,Branch,2025-05-25 0:00:00,No,High,8698.19,145,6.9
1379,100177,49,77930,39711.71,532,7,Pune,Retail,Branch,2025-06-11 0:00:00,No,High,29883.54,80,7.3
1380,101043,28,218718,77469.31,745,12,Kolkata,SME,Online,2023-11-03 0:00:00,No,Low,566.02,18,2.0
1381,101772,56,232709,18302.14,724,2,Mumbai,Corporate,Agent,,No,Low,17859.77,29,7.0
1382,101430,45,190937,281698.93,850,1,Mumbai,Retail,Online,2024-07-14 0:00:00,Yes,Low,47090.37,63,7.3
1383,101542,45,115536,61274.03,402,6,Hyderabad,Premium,Mobile,2021-07-24 0:00:00,No,High,31628.6,130,1.7
1384,101408,60,,57692.97,486,4,Kolkata,,Agent,2022-01-20 0:00:00,Yes,High,10489.08,12,
1385,100596,54,181995,14292.38,461,8,Hyderabad,Retail,Agent,2025-07-19 0:00:00,,High,47186.57,59,5.7
1386,100062,,182364,222294.38,749,10,Chennai,Corporate,Online,2025-02-03 0:00:00,No,Low,17885.37,16,8.8
1387,101297,52,63787,245356.89,568,12,Kolkata,Corporate,Online,2023-05-21 0:00:00,No,Medium,,49,6.0
1388,100873,75,81273,63008.8,385,5,Hyderabad,SME,Branch,2021-05-12 0:00:00,Yes,High,,27,7.7
1389,101784,36,166559,43018.61,532,6,Hyderabad,SME,Online,2025-08-12 0:00:00,No,High,28931.3,2,2.1
1390,101919,73,206572,,not_available,7,Hyderabad,Retail,Mobile,2021-12-23 0:00:00,Yes,Low,17946.91,-,7.9
1391,100279,69,99441,174977.25,586,6,Chennai,Corporate,Online,2023-03-29 0:00:00,,Medium,9856.34,112,1.4
1392,100037,59,70648,248876.27,332,10,Chennai,Corporate,Branch,2025-07-16 0:00:00,Yes,High,14976.05,88,1.6
1393,101547,68,116006,180504.65,416,14,Mumbai,SME,Branch,2025-01-19 0:00:00,Yes,High,29278.55,130,5.9
1394,100663,-,189246,255141.48,not_available,3,Hyderabad,,Online,2023-06-09 0:00:00,No,High,6268.96,90,1.9
1395,101845,missing,225857,251178.9,582,12,Delhi,Corporate,Branch,2022-03-21 0:00:00,Yes,Medium,36099.01,131,2.1
1396,101473,43,163782,,720,12,Chennai,Premium,Branch,2025-11-05 0:00:00,Yes,Low,,86,2.3
1397,100978,22,80099,219394.96,518,0,Delhi,Corporate,Mobile,2021-03-05 0:00:00,Yes,High,5916.81,131,1.7
1398,101603,48,186645,197416.5,408,3,Hyderabad,SME,Online,2022-10-27 0:00:00,No,High,5264.4,111,2.0
1399,100739,56,,180330.81,417,2,Kolkata,Retail,Online,2023-08-11 0:00:00,Yes,High,1720.47,96,5.3
1400,100192,39,30626,,467,1,Delhi,SME,Agent,2025-01-16 0:00:00,No,High,45705.66,15,6.5
1401,100920,39,,115441.09,485,3,delhi,Premium,Branch,2022-11-20 0:00:00,No,High,26839.93,67,6.5
1402,100457,34,168660,49164.31,776,11,Bangalore,Corporate,Online,2024-10-03 0:00:00,Yes,Low,39964.32,63,6.4
1403,100676,53,234684,93595.21,475,5,Kolkata,,Agent,2022-06-06 0:00:00,,High,22306.56,79,9.5
1404,100761,34,105532,206933.65,758,6,Pune,SME,Online,2025-03-19 0:00:00,Yes,Low,32046.59,71,1.5
1405,101946,41,113668,289964.25,457,11,Hyderabad,Premium,Agent,2023-12-04 0:00:00,No,High,8104.76,102,4.3
1406,101742,39,34346,35184.04,574,7,mumbai,SME,Agent,2025-08-28 0:00:00,No,Medium,9872.71,80,8.8
1407,100729,52,179741,203262.28,348,3,Pune,Premium,Online,2021-01-01 0:00:00,Yes,High,36528.87,90,1.7
1408,101400,57,162328,125574.69,480,13,Kolkata,SME,Branch,2025-08-17 0:00:00,Yes,High,22749.36,95,2.8
1409,100413,61,42778,54521.76,597,9,Delhi,Corporate,Online,2024-04-01 0:00:00,Yes,Medium,32923.72,125,5.6
1410,101099,52,220713,154260.31,806,7,Delhi,Corporate,Branch,2023-09-26 0:00:00,No,Low,unknown,76,8.7
1411,100826,62,81549,4743.96,663,12,Delhi,Corporate,Agent,2025-07-28 0:00:00,Yes,High,40939.94,111,2.3
1412,101656,34,196918,70498.28,413,5,Delhi,Retail,Mobile,2023-07-25 0:00:00,No,High,46131.35,48,6.8
1413,100617,41,52723,264820.31,578,5,Delhi,Retail,Online,,No,Medium,9345.95,63,3.4
1414,100115,42,116357,167906.53,724,4,Chennai,Corporate,Online,2023-02-17 0:00:00,Yes,Low,8056.32,43,8.5
1415,100418,70,204436,66979.02,731,7,Delhi,Retail,Branch,2022-10-05 0:00:00,Yes,Low,16402.13,61,4.1
1416,101951,24,121019,111007.36,787,10,Delhi,Premium,Online,2021-05-05 0:00:00,No,Low,44472.13,96,9.5
1417,100970,abc,,183400.98,442,13,,SME,Agent,2022-12-18 0:00:00,Yes,High,21631.65,133,7.6
1418,100605,48,121652,,380,14,Chennai,Retail,Branch,2025-05-22 0:00:00,Yes,High,10790.47,2,9.8
1419,101959,68,243517,23016.85,643,8,Delhi,SME,Agent,2024-12-29 0:00:00,Yes,Medium,1678.4,106,8.7
1420,100090,53,116659,29662.09,647,4,Bangalore,SME,Online,,Yes,Medium,33156.71,127,4.3
1421,100849,70,,239915.63,301,2,Delhi,Premium,Agent,2023-12-04 0:00:00,No,High,23352.13,46,8.4
1422,101551,46,189437,196248.05,345,11,Delhi,Premium,Online,2024-09-02 0:00:00,Yes,High,1075.52,19,6.4
1423,101958,70,187331,,501,11,Delhi,Retail,Agent,2023-10-02 0:00:00,Yes,High,,4,4.6
1424,100754,missing,221553,155911.28,498,6,Mumbai,SME,Online,2023-11-22 0:00:00,Yes,High,999.48,55,7.6
1425,100499,75,106537,65735.24,812,8,Delhi,Premium,Online,2021-01-17 0:00:00,Yes,Low,18908.85,72,3.1
1426,101277,67,33894,13488.43,551,4,Chennai,Premium,Mobile,2021-03-08 0:00:00,No,High,14461.1,34,8.0
1427,101326,72,114464,296556.49,479,15,Pune,Premium,Branch,2023-10-22 0:00:00,no,High,16077.1,79,8.9
1428,100012,,54192,245004.65,603,15,Kolkata,Retail,Branch,2025-02-25 0:00:00,Yes,Medium,38287.84,122,9.0
1429,100397,44,29703,271819.77,626,14,Delhi,Premium,Agent,2025-05-27 0:00:00,No,Medium,10601.62,59,3.3
1430,100285,33,74153,124836.43,778,9,Pune,Premium,Mobile,2023-11-26 0:00:00,Yes,Low,29218.73,131,10.0
1431,101067,39,66424,129326.06,719,10,Delhi,Corporate,Agent,2025-07-14 0:00:00,Yes,Low,24241.78,80,2.3
1432,101192,26,42153,28472.53,687,4,Bangalore,SME,Online,2024-02-08 0:00:00,Yes,Medium,45688.35,107,6.3
1433,101781,55,157161,1621.48,577,10,Mumbai,SME,Branch,2022-06-21 0:00:00,Yes,High,40832.41,81,3.6
1434,100691,40,146999,160287.17,572,12,Hyderabad,Retail,Branch,unknown,Yes,Medium,33834.33,50,2.3
1435,101663,56,110445,10779.05,381,15,Kolkata,SME,Mobile,2021-08-07 0:00:00,No,High,44461.34,21,6.8
1436,101916,20,223100,not_available,797,2,Hyderabad,Corporate,Online,2024-04-20 0:00:00,No,Low,15879.82,106,3.9
1437,100690,41,187082,211857.95,636,8,Pune,Corporate,Branch,2022-02-08 0:00:00,Yes,Medium,14489.97,64,7.8
1438,100852,20,185400,274577.16,821,12,Pune,Corporate,Agent,2022-05-05 0:00:00,No,Low,10443.1,35,2.8
1439,100160,22,170360,49572.62,447,7,Kolkata,,Mobile,2023-05-28 0:00:00,Y,High,32918.92,35,7.7
1440,100896,,152810,,324,4,Bangalore,Premium,Online,2021-01-13 0:00:00,Yes,High,47244.45,2,8.3
1441,101607,24,228127,32284.26,655,13,Kolkata,Corporate,Agent,2023-01-05 0:00:00,Yes,Medium,43856.34,133,1.5
1442,100258,54,177876,189626.95,425,12,Bangalore,Corporate,Mobile,2023-12-27 0:00:00,Yes,High,10471.6,99,
1443,100336,52,230209,279051.29,429,11,Bangalore,Retail,Branch,2023-08-15 0:00:00,Yes,High,10822.11,70,3.6
1444,101920,47,235223,14427.69,826,11,Pune,SME,Online,2022-06-28 0:00:00,Yes,High,38821.49,146,4.2
1445,101040,72,101373,104088.8,550,3,Bangalore,Corporate,Online,2024-09-16 0:00:00,Yes,Medium,26859.49,77,9.4
1446,100516,56,181683,92999.98,771,3,Delhi,Premium,Mobile,2022-08-01 0:00:00,Yes,Low,31567.7,88,9.7
1447,101349,56,27023,1930.56,635,6,,Retail,Mobile,2024-10-08 0:00:00,N,High,abc,142,4.6
1448,101016,22,79823,110844.58,821,2,Kolkata,,Online,2025-01-04 0:00:00,Yes,Low,1561.27,,3.7
1449,100769,67,65390,137406.66,378,3,,Corporate,Mobile,2021-02-20 0:00:00,No,High,48870.55,64,5.8
1450,101783,29,230735,113430.23,403,4,Chennai,Retail,Mobile,2023-02-20 0:00:00,Yes,High,12618.13,8,
1451,100762,55,74104,43182.57,813,13,Mumbai,Retail,Branch,,No,Low,37101.19,71,3.3
1452,101247,50,107566,51034.63,711,4,Chennai,Corporate,Branch,2025-10-28 0:00:00,Yes,Low,5175.62,67,8.8
1453,101204,37,unknown,205036.13,578,11,Kolkata,Retail,Agent,2022-08-06 0:00:00,No,Medium,21323.77,4,1.0
1454,101507,58,128864,,706,3,Chennai,SME,Mobile,2025-11-16 0:00:00,No,Low,41107.08,133,9.0
1455,101084,74,170128,236012.5,632,7,Pune,SME,Agent,2025-12-11 0:00:00,Yes,Medium,21125.17,128,5.6
1456,100522,47,,256562.1,528,7,Kolkata,,Agent,2024-11-08 0:00:00,Yes,High,9337.38,5,4.6
1457,100023,41,94669,49561.18,389,10,Pune,SME,Mobile,2023-11-01 0:00:00,Yes,High,35503.31,125,6.1
1458,100357,42,95316,190327.24,766,8,Kolkata,Retail,Branch,2023-05-15 0:00:00,No,Low,44828.25,71,1.1
1459,101278,31,174109,37906.94,802,8,Delhi,Premium,Agent,2022-04-20 0:00:00,Yes,Low,27613,70,8.4
1460,101313,57,142235,270957.23,467,4,Hyderabad,Premium,Branch,2025-03-14 0:00:00,Yes,High,28027.72,33,8.1
1461,101717,19,80426,175451.59,753,14,Bangalore,Retail,Online,,Yes,Low,46570.21,95,8.7
1462,100341,37,,262653.37,491,15,Bangalore,SME,Mobile,2024-08-31 0:00:00,Yes,High,32115.61,1,9.2
1463,100432,38,51916,269836.56,323,2,Mumbai,Corporate,Online,2022-01-16 0:00:00,Yes,High,20173.97,39,4.9
1464,100474,,244648,106280.33,427,0,Chennai,Retail,Agent,2024-02-28 0:00:00,Yes,High,35062.53,68,1.8
1465,100218,30,195182,76814.27,734,1,Delhi,Retail,Branch,2025-11-18 0:00:00,No,Low,27790.86,149,7.0
1466,100912,35,123864,103434.43,387,12,Delhi,Premium,Agent,2022-03-28 0:00:00,No,High,27402.73,100,7.7
1467,101228,71,217404,16566.76,778,9,Mumbai,Corporate,Mobile,2022-09-15 0:00:00,Yes,Low,21734.01,75,1.9
1468,101628,40,48648,114675.68,537,12,Mumbai,Premium,Online,2026-02-13 0:00:00,,High,33775.16,54,8.5
1469,101012,72,179363,218770.42,698,12,Delhi,SME,Branch,2024-10-19 0:00:00,Yes,Medium,33577.73,54,9.6
1470,101990,20,120074,64474.96,842,9,Delhi,Corporate,Online,2024-09-02 0:00:00,Yes,Low,40407.38,130,3.2
1471,100094,32,216533,8226.09,695,2,Mumbai,SME,Mobile,2024-07-25 0:00:00,No,High,23616.47,78,1.5
1472,101009,41,162478,12851.27,400,8,Bangalore,SME,Agent,not_a_date,Yes,High,9727.49,106,6.9
1473,101071,22,160870,224469.85,802,11,Pune,Retail,Agent,2023-09-18 0:00:00,Yes,Low,17281.91,129,5.7
1474,101093,34,186983,247298.07,318,13,Bangalore,Corporate,Online,,No,High,34130.72,105,1.3
1475,101617,46,31823,167821.63,683,13,Kolkata,Corporate,Online,2022-01-04 0:00:00,Yes,Medium,13227.18,18,6.0
1476,101309,35,101865,49590.69,451,9,Kolkata,Corporate,Branch,2021-12-06 0:00:00,No,High,25980.99,96,3.0
1477,100697,30,201048,288454,451,0,Pune,Corporate,Online,2024-06-30 0:00:00,yes,High,11188.32,101,9.1
1478,101831,70,221749,92365.91,465,11,Hyderabad,Retail,Agent,2025-01-28 0:00:00,Yes,High,40130.87,132,9.5
1479,100997,67,248134,12595.63,781,6,Hyderabad,Corporate,Mobile,2021-12-10 0:00:00,Yes,High,8903.96,10,3.1
1480,101459,38,212686,89657.14,348,1,Chennai,Corporate,Agent,2023-09-16 0:00:00,Yes,High,39930.76,50,3.5
1481,100154,52,54241,53151.28,817,5,Kolkata,Retail,Branch,2025-03-06 0:00:00,No,Low,49935.57,32,5.6
1482,101100,69,205795,220868.66,845,0,Pune,Premium,Online,2022-03-11 0:00:00,Yes,Low,abc,139,
1483,101753,60,50556,199609.56,827,7,Pune,Corporate,Branch,2025-07-06 0:00:00,No,Low,24603.57,110,8.5
1484,101291,25,221167,36969.77,513,5,Bangalore,Retail,Branch,2025-06-09 0:00:00,Yes,High,,75,4.5
1485,100790,23,134847,187561.43,823,3,Chennai,Premium,Mobile,2024-09-05 0:00:00,Yes,Low,21670.8,4,1.6
1486,100581,66,61059,246948.25,620,13,Pune,Retail,Agent,2021-07-30 0:00:00,Yes,Medium,9090.08,78,4.4
1487,101471,69,193123,284969.9,422,6,Kolkata,SME,Agent,2025-12-06 0:00:00,No,High,37531.46,19,7.2
1488,100704,66,,187508.76,313,9,Mumbai,SME,Branch,2022-09-08 0:00:00,No,High,21327.63,10,6.5
1489,101213,73,,185697.47,664,14,Kolkata,Corporate,Agent,2023-09-06 0:00:00,Yes,Medium,37767.04,100,3.7
1490,101296,unknown,238440,266965.12,818,11,Kolkata,Retail,Online,2022-02-10 0:00:00,Yes,Low,29336.31,123,3.6
1491,101700,23,181222,261190.16,-,0,Hyderabad,,Mobile,2022-01-25 0:00:00,No,Medium,49885.96,3,1.2
1492,101261,18,144246,93506.95,434,8,Kolkata,SME,Branch,2022-06-26 0:00:00,Yes,High,47314.03,106,6.5
1493,100488,32,51155,41099.72,725,15,Chennai,,Branch,2022-08-07 0:00:00,Yes,Low,46197.21,62,3.2
1494,100560,70,53625,292311.67,511,0,Pune,Corporate,Branch,2021-03-15 0:00:00,Yes,High,14724.01,19,7.8
1495,101142,61,,173652.05,671,2,Delhi,SME,Online,2024-02-08 0:00:00,Yes,Medium,11941.45,69,4.8
1496,101120,40,181503,254753.7,368,13,Pune,Corporate,Agent,2024-02-12 0:00:00,No,High,42710.13,140,1.8
1497,100802,62,37323,64400.36,742,11,Bangalore,SME,Agent,2021-12-27 0:00:00,Yes,Low,49942.82,69,6.8
1498,100513,61,,117838.13,527,7,Chennai,Retail,Branch,2024-02-08 0:00:00,Yes,High,30857.53,125,4.9
1499,100634,54,216305,66146.53,712,15,Chennai,,Agent,2022-04-02 0:00:00,Yes,Low,6139.94,77,2.9
1500,101510,71,42073,,,12,Pune,Premium,Branch,2022-05-05 0:00:00,Yes,Low,,54,6.3
1501,101825,38,83810,255478.3,795,12,Kolkata,Premium,Agent,2025-03-02 0:00:00,No,Low,31803.84,87,1.2
1502,101577,71,146673,86401.6,514,8,Mumbai,SME,Agent,2024-01-14 0:00:00,No,High,4168.9,45,5.4
1503,101151,58,213978,148244.3,492,9,Mumbai,Corporate,Branch,2023-07-19 0:00:00,Yes,High,33112.32,121,5.7
1504,100791,48,185443,112066.44,479,11,Delhi,Retail,Agent,,Yes,High,32235.41,55,9.3
1505,100117,26,161156,50207.92,412,1,Bangalore,Corporate,Mobile,2026-03-11 0:00:00,Yes,High,18094.75,69,8.8
1506,101498,39,74733,268709.39,797,9,Hyderabad,Premium,Mobile,2023-09-19 0:00:00,Yes,Low,36638.72,147,9.9
1507,100741,,144503,97576.17,443,4,Hyderabad,Corporate,Mobile,2023-06-25 0:00:00,Yes,High,26161.17,144,4.0
1508,100908,73,227043,104667.02,528,3,Chennai,Premium,Branch,2024-01-24 0:00:00,Yes,High,45786.48,148,3.0
1509,101082,,46223,138456.88,444,3,Delhi,Premium,Agent,2021-06-27 0:00:00,No,High,25739.68,89,
1510,100831,33,161321,64603.31,821,11,Pune,SME,Online,2025-08-29 0:00:00,Yes,Low,8898.22,28,7.3
1511,100120,,228667,,565,2,Hyderabad,Corporate,Online,2024-02-15 0:00:00,Yes,Medium,2982.13,85,3.5
1512,100657,43,237781,47707.5,826,5,Pune,Premium,Branch,2022-01-01 0:00:00,Yes,Low,40749.45,53,7.6
1513,101948,30,170639,279192.74,739,7,Pune,Corporate,Online,2023-07-28 0:00:00,Yes,Low,36337.77,29,3.4
1514,100636,20,102576,162741.3,468,9,Mumbai,Corporate,Online,2024-09-13 0:00:00,Yes,High,17308.46,7,6.4
1515,100370,50,25661,,821,11,Mumbai,Retail,Branch,2021-07-20 0:00:00,Yes,Low,36902.99,missing,1.0
1516,100269,49,231376,43558.95,738,8,Chennai,Premium,Agent,2024-05-27 0:00:00,Yes,Low,30401.57,46,7.6
1517,100656,46,183038,134644.09,331,15,Bangalore,Retail,Mobile,2022-06-19 0:00:00,Yes,High,28934.47,16,5.4
1518,100936,48,129211,35524.51,304,7,Mumbai,Premium,Online,2024-04-27 0:00:00,Yes,High,12164.3,44,4.3
1519,100823,23,160327,273456.39,825,12,Mumbai,Corporate,Mobile,2025-12-31 0:00:00,no,Low,27439.72,122,7.4
1520,100867,25,43752,179653.62,434,8,Kolkata,SME,Online,2022-04-19 0:00:00,Yes,High,27351.07,19,
1521,100047,20,186633,270096.38,570,3,Kolkata,Retail,Online,2021-11-15 0:00:00,Yes,Medium,30159.19,-,8.1
1522,101374,41,134079,238802.22,465,10,bangalore,Premium,Agent,2022-10-20 0:00:00,Yes,High,22969.68,10,5.0
1523,101743,22,25587,50718.53,627,8,Delhi,Retail,Mobile,2021-12-03 0:00:00,Yes,Medium,18381.52,54,5.8
1524,100992,68,122033,122921.77,823,5,Kolkata,Premium,Branch,2023-08-11 0:00:00,Yes,Low,,69,7.7
1525,100877,54,,122633.18,689,10,Chennai,SME,Branch,2024-01-17 0:00:00,Yes,Medium,28460.03,56,7.0
1526,100774,46,183285,111977.94,679,14,Kolkata,Corporate,Branch,2025-10-07 0:00:00,Yes,Medium,27672.46,8,3.0
1527,101220,25,158533,200792.58,678,4,Delhi,Corporate,Online,2024-03-27 0:00:00,Yes,Medium,8194.89,62,2.7
1528,100255,45,131661,7349.53,452,6,Delhi,Corporate,Branch,2025-07-30 0:00:00,Yes,High,49132.89,85,9.5
1529,100005,60,68642,85472.41,654,13,Hyderabad,Premium,Agent,,Yes,Medium,29992.47,76,8.7
1530,101004,51,217660,,480,5,Bangalore,Retail,Branch,2025-08-05 0:00:00,Yes,High,10967.78,103,2.5
1531,101759,43,169302,38752.33,432,12,Delhi,Retail,Mobile,2022-04-08 0:00:00,No,High,49089.73,55,6.5
1532,100264,70,55087,204524.59,827,9,Delhi,Corporate,Mobile,,Yes,Low,39745.8,25,7.4
1533,101601,38,88870,133171.15,606,15,Chennai,Corporate,Agent,2021-03-01 0:00:00,No,Medium,29379.06,8,9.9
1534,101869,21,81307,115212.79,414,2,Kolkata,SME,Agent,2024-08-07 0:00:00,No,High,2060.96,108,7.4
1535,100444,missing,126459,193377.35,651,6,Hyderabad,Premium,Online,2024-03-31 0:00:00,No,Medium,36246.7,149,6.1
1536,101003,68,185866,294512.2,721,4,Mumbai,SME,Mobile,2025-05-12 0:00:00,No,Low,,103,9.4
1537,101078,31,181193,247130.22,506,6,Delhi,SME,Online,,No,High,16646.16,abc,5.7
1538,100838,36,156733,148050.3,431,1,Mumbai,Corporate,Mobile,2025-10-31 0:00:00,Yes,High,34900.89,111,7.5
1539,101828,24,171295,235430.9,491,12,Delhi,Corporate,Agent,2023-05-09 0:00:00,Yes,High,16635.96,54,3.9
1540,100305,56,34078,264597.65,307,1,Mumbai,SME,Online,2026-01-29 0:00:00,NO,High,26784.65,11,2.5
1541,101366,50,73868,140499.06,740,15,Hyderabad,SME,Agent,2024-07-24 0:00:00,Yes,Low,5938.06,48,1.1
1542,101589,49,95202,93915.04,797,5,Bangalore,Corporate,Mobile,2023-08-06 0:00:00,Yes,Low,37005.73,132,9.6
1543,100314,40,142832,178045.73,808,7,mumbai,SME,Agent,2023-09-22 0:00:00,Yes,Low,19593.75,139,2.6
1544,100150,,32813,251564.76,780,13,Bangalore,,Agent,2021-10-20 0:00:00,Yes,Low,37314.97,41,8.5
1545,101149,27,150426,140785.57,318,5,Hyderabad,SME,Agent,2022-12-22 0:00:00,Yes,High,859,63,3.5
1546,101214,55,80419,,375,6,Bangalore,Corporate,Mobile,2021-08-22 0:00:00,Yes,High,33060.03,41,3.0
1547,100575,74,44508,43144.31,409,11,Hyderabad,Premium,Mobile,2026-01-15 0:00:00,Yes,High,10187.08,77,5.7
1548,100051,38,149165,123802.6,558,5,Pune,Corporate,Agent,2021-07-29 0:00:00,No,Medium,29680.52,69,7.3
1549,101584,45,118269,,460,14,Pune,SME,Branch,2026-03-02 0:00:00,Yes,High,20084.52,102,
1550,100727,70,236830,25175.86,572,14,Pune,SME,Online,2024-01-28 0:00:00,No,Medium,2240.46,26,5.3
1551,100834,28,214648,111660.12,405,5,Mumbai,Corporate,Online,2023-07-03 0:00:00,Yes,High,11745.97,13,8.9
1552,101378,46,219718,139704.76,348,12,Delhi,Premium,Branch,2021-11-26 0:00:00,Yes,High,44693.27,6,6.7
1553,101116,abc,,91209.08,384,13,Kolkata,SME,Branch,2022-05-10 0:00:00,Yes,High,8631.05,9,8.1
1554,101167,54,173702,166406.31,672,9,Chennai,Corporate,Online,2022-03-20 0:00:00,Yes,Medium,,47,7.3
1555,100471,42,162348,124692.66,not_available,12,mumbai,Corporate,Online,2021-01-20 0:00:00,Yes,Medium,4691.47,66,3.3
1556,100972,20,,201973.93,325,11,Kolkata,SME,Mobile,2024-08-24 0:00:00,No,High,39303.87,86,4.3
1557,100654,43,98770,51626.77,490,10,delhi,Premium,Branch,2021-08-25 0:00:00,0,High,,121,5.3
1558,100400,,181921,263294.11,611,14,Mumbai,Corporate,Agent,2023-05-17 0:00:00,No,Medium,abc,48,6.3
1559,100512,70,185928,290115.8,738,14,Chennai,Retail,Branch,2025-03-01 0:00:00,Yes,Low,21283.54,107,1.4
1560,100321,43,127215,279266.21,807,14,Mumbai,Corporate,Online,2024-03-26 0:00:00,YES,Low,40664.67,97,2.8
1561,100020,39,50559,13456.07,567,4,Bangalore,SME,Online,2021-07-11 0:00:00,Yes,High,46239.71,121,6.5
1562,100685,53,248725,184773.57,419,6,Bangalore,Corporate,Online,2024-11-07 0:00:00,Y,High,36027.25,109,5.6
1563,100036,44,111988,215271.64,841,14,Pune,Retail,Branch,2022-07-24 0:00:00,Yes,Low,38318.62,41,5.3
1564,100903,47,108362,,531,1,Delhi,Premium,Agent,2025-09-08 0:00:00,Yes,High,17857.14,35,8.7
1565,101816,43,54516,49770.31,472,3,Chennai,Premium,Online,,N,High,48225.22,140,2.0
1566,100828,62,98794,273350.49,537,0,Bangalore,SME,Online,2026-01-01 0:00:00,Yes,High,missing,136,
1567,101835,65,40037,76090.67,494,7,Bangalore,Retail,Agent,2024-09-03 0:00:00,Yes,High,23019.29,67,5.1
1568,100408,36,232779,257138.87,763,11,Kolkata,Premium,Online,2021-11-14 0:00:00,Yes,Low,27191.91,60,5.8
1569,100921,44,229237,146812.93,517,0,Chennai,Premium,Online,2024-10-01 0:00:00,Yes,High,21994.72,2,5.7
1570,100538,75,57556,132.83,793,4,Bangalore,Retail,Agent,2021-04-01 0:00:00,Yes,High,23017.88,110,2.9
1571,100759,75,42633,189210.14,735,12,Chennai,Corporate,Mobile,2021-07-11 0:00:00,Yes,Low,9471.77,90,5.8
1572,101945,63,,90905.25,697,1,Pune,Premium,Online,2024-09-11 0:00:00,Yes,Medium,3944.8,100,2.9
1573,101063,22,203148,40095.17,838,5,Hyderabad,SME,Branch,2023-12-05 0:00:00,No,Low,31999.04,25,8.6
1574,101200,41,220451,207203.93,356,8,Bangalore,,Online,2021-07-30 0:00:00,,High,39333.25,73,4.8
1575,100246,20,110708,246577.99,802,9,Hyderabad,SME,Agent,2022-05-06 0:00:00,Yes,Low,32951.9,60,2.2
1576,101417,57,59051,203434.15,481,5,Kolkata,Corporate,Agent,2021-04-16 0:00:00,No,High,14602.98,unknown,
1577,101128,52,198063,211847.55,605,12,Pune,Retail,Online,2023-07-07 0:00:00,Yes,Medium,31905.43,35,4.0
1578,100785,24,244772,183677.45,433,8,Delhi,Retail,Agent,2023-02-26 0:00:00,No,High,33860.25,100,
1579,101779,68,154295,283178.49,837,8,Mumbai,Premium,Branch,2025-03-14 0:00:00,Yes,Low,5433.23,71,4.3
1580,100490,51,141891,158169.8,641,7,Kolkata,SME,Online,2023-06-17 0:00:00,Yes,Medium,33488.12,111,1.4
1581,100155,54,200641,152233.91,731,10,Chennai,Premium,Branch,2024-02-24 0:00:00,Yes,Low,4049.67,48,
1582,100962,51,126268,294130.67,468,14,Mumbai,SME,Mobile,2022-06-01 0:00:00,Yes,High,9893.3,118,2.5
1583,100854,40,176175,10502.37,511,6,Kolkata,Retail,Mobile,2023-06-20 0:00:00,No,High,35772.61,24,5.6
1584,101312,56,abc,121967.04,623,3,Pune,Retail,Online,2024-05-03 0:00:00,No,Medium,30253.3,67,4.5
1585,100626,41,164999,268812.24,518,5,Bangalore,Premium,Branch,2026-02-24 0:00:00,Yes,High,31351.25,87,2.6
1586,100686,,192450,252983.43,528,13,,Retail,Branch,2025-01-13 0:00:00,No,High,28123.42,16,6.1
1587,101593,73,215706,113885.03,487,13,Kolkata,SME,Mobile,2024-12-12 0:00:00,YES,High,,115,1.8
1588,100570,43,186731,215747.97,572,13,Mumbai,Premium,Mobile,2023-01-17 0:00:00,Yes,Medium,7768.98,126,1.2
1589,101949,51,236476,202831.51,765,12,Kolkata,Corporate,Online,2024-08-10 0:00:00,Yes,Low,28468.38,101,8.9
1590,100018,41,75106,8900.47,365,2,Hyderabad,Retail,Agent,2021-03-07 0:00:00,Yes,High,30726.82,77,7.7
1591,100128,52,88888,,793,5,bangalore,Premium,Agent,2022-04-15 0:00:00,No,Low,26601.31,47,5.2
1592,101347,69,128892,,356,3,Mumbai,SME,Branch,2021-02-12 0:00:00,Yes,High,12550.97,132,6.5
1593,101280,73,106942,229548.1,797,5,Hyderabad,SME,Agent,2024-12-18 0:00:00,No,Low,45804.97,104,2.6
1594,100066,64,158541,246003.79,725,4,Mumbai,SME,Agent,,Yes,Low,21272.91,43,4.4
1595,100928,,137020,,578,15,Hyderabad,Corporate,Branch,2023-08-16 0:00:00,Yes,Medium,15216.38,92,9.4
1596,100981,74,142407,139516.57,443,6,pune,Corporate,Agent,2025-09-15 0:00:00,Yes,High,21901.21,113,1.7
1597,101290,46,66321,239915.37,814,8,Hyderabad,,Online,2025-06-02 0:00:00,No,Low,23716.21,132,7.8
1598,100191,68,153386,,782,10,Kolkata,Corporate,Agent,2024-10-25 0:00:00,No,Low,30913.3,89,6.4
1599,101140,39,172603,202837.62,379,0,Chennai,Premium,Online,2023-01-26 0:00:00,Yes,High,3659.39,111,7.7
1600,100993,56,129792,194332.27,583,3,Bangalore,Corporate,Mobile,,Yes,Medium,35250.77,117,7.0
1601,101996,64,121055,88640.38,795,6,Delhi,SME,Online,2025-11-08 0:00:00,Yes,Low,2492.12,2,8.6
1602,101690,75,149661,77816.52,503,15,Kolkata,Premium,Mobile,2026-01-24 0:00:00,Yes,High,7961.25,43,
1603,100607,75,181498,164010.16,449,6,Mumbai,SME,Branch,2025-07-01 0:00:00,Yes,High,31413.64,76,8.7
1604,100181,40,58756,137539.93,375,4,Chennai,Premium,Online,2021-05-11 0:00:00,Yes,High,2928.15,29,6.0
1605,100302,58,152118,216196.54,629,2,,Corporate,Mobile,unknown,Yes,Medium,14825.55,5,9.3
1606,100497,75,59707,285906.01,626,6,Hyderabad,Retail,Online,2024-09-01 0:00:00,No,Medium,37625.75,50,2.5
1607,101730,28,187002,42332.28,399,14,Pune,,Online,2023-05-01 0:00:00,NO,High,6104.42,79,8.1
1608,101744,73,,105541.5,510,13,Bangalore,Corporate,Branch,2022-06-11 0:00:00,No,High,43169.88,17,3.6
1609,101695,39,219442,187937.11,361,13,Bangalore,Corporate,Online,2024-05-28 0:00:00,No,High,45922.84,110,2.1
1610,101670,43,90794,284026.81,619,13,Delhi,Retail,Branch,2024-12-03 0:00:00,No,Medium,9069.71,129,3.5
1611,100518,23,197307,137470.4,312,11,Delhi,Retail,Agent,2022-03-08 0:00:00,Yes,High,15303.68,112,9.9
1612,101923,35,199018,156963.92,507,13,Mumbai,Retail,Agent,2025-02-28 0:00:00,0,High,,49,6.6
1613,101070,18,166706,,413,3,Hyderabad,Corporate,Online,2025-05-06 0:00:00,Yes,High,34235.98,103,5.6
1614,100477,53,96635,186272.58,802,15,Hyderabad,Premium,Agent,2024-01-07 0:00:00,Yes,Low,41512.66,129,8.7
1615,100158,20,169097,249206.55,568,4,Kolkata,Corporate,Mobile,2025-03-10 0:00:00,Yes,Medium,48568.09,89,9.2
1616,101244,30,123605,106109.01,466,7,kolkata,SME,Branch,2026-02-04 0:00:00,Yes,High,,73,7.3
1617,101196,48,137990,69238.4,495,7,chennai,Premium,Online,2024-07-30 0:00:00,No,High,19685.29,129,7.0
1618,100017,57,214834,172433.87,502,5,Kolkata,Premium,Branch,2023-05-15 0:00:00,Yes,High,18480.69,7,3.9
1619,101536,31,112896,54801.72,625,11,Chennai,Corporate,Branch,2022-11-11 0:00:00,No,Medium,35601.63,100,5.5
1620,101073,abc,145575,158617.33,768,5,Kolkata,Corporate,Mobile,2023-06-12 0:00:00,Yes,Low,22645.3,127,7.5
1621,101293,58,80147,124843.61,808,1,Chennai,SME,Online,2024-04-22 0:00:00,Yes,Low,44512.68,121,4.5
1622,100547,70,148008,27216.51,427,6,Pune,SME,Online,2023-06-24 0:00:00,Yes,High,24312.03,82,9.3
1623,101540,19,106912,234451.69,503,8,Chennai,Corporate,Mobile,2025-09-27 0:00:00,No,High,12914.8,130,2.3
1624,100659,43,183059,29470.5,793,5,Bangalore,SME,Online,2022-06-28 0:00:00,0,Low,44560.22,62,3.4
1625,101657,31,244055,249045.29,761,12,Chennai,Retail,Online,2025-09-28 0:00:00,Yes,Low,2294.49,24,6.0
1626,101020,73,190243,113767.96,514,12,Delhi,SME,Mobile,2024-11-15 0:00:00,Yes,High,8810.69,78,
1627,101756,60,134089,7059.75,unknown,15,Chennai,Corporate,Online,2021-06-04 0:00:00,Yes,High,19724.16,128,2.5
1628,101505,34,43681,236847.69,848,9,Delhi,Retail,Branch,2023-07-22 0:00:00,Yes,Low,28950.41,135,1.2
1629,100960,57,227380,abc,758,7,Hyderabad,Corporate,Mobile,2025-08-31 0:00:00,Yes,Low,33919.62,35,6.6
1630,101922,21,69900,279763.38,513,3,Mumbai,Retail,Mobile,2021-09-17 0:00:00,Yes,High,33811.04,93,9.5
1631,100284,65,147720,64388.42,628,7,Bangalore,Corporate,Online,2026-01-17 0:00:00,,Medium,7896.88,129,1.5
1632,100798,43,56007,66145.11,318,6,Bangalore,Retail,Online,2021-08-07 0:00:00,Yes,High,49075.75,64,7.8
1633,101658,,223893,284475.46,442,9,Bangalore,Retail,Branch,2022-09-11 0:00:00,Yes,High,42878.45,18,6.7
1634,100226,54,171323,261614.5,408,11,Chennai,Retail,Agent,2021-11-10 0:00:00,Yes,High,11024.85,137,7.4
1635,100027,19,95831,201282.9,556,0,Chennai,Premium,Agent,2022-02-12 0:00:00,No,Medium,30272.82,119,7.5
1636,101808,42,164251,201854.14,428,4,Delhi,Premium,Agent,2023-04-17 0:00:00,Yes,High,20597.62,91,4.2
1637,100438,42,206749,201492.68,326,0,Kolkata,Corporate,Agent,2022-04-27 0:00:00,No,High,34296.47,145,5.5
1638,101989,41,224408,209459.53,481,6,Hyderabad,SME,Mobile,2025-10-13 0:00:00,No,High,9185.02,114,9.7
1639,101389,68,,63234.43,381,0,Delhi,Corporate,Mobile,2021-03-17 0:00:00,Yes,High,34570.09,47,6.7
1640,100230,61,72837,245939.34,411,1,Pune,Premium,Branch,2024-01-10 0:00:00,Yes,High,41591.88,125,8.0
1641,100038,45,150991,missing,528,4,Chennai,Premium,Branch,2025-11-16 0:00:00,Yes,High,4528.82,98,
1642,100750,40,61041,166648.63,,1,Bangalore,Premium,Mobile,2021-12-14 0:00:00,N,High,48728.72,60,3.8
1643,101046,25,114818,232290.8,431,9,Hyderabad,Premium,Agent,2021-01-26 0:00:00,Yes,High,48575.33,68,3.9
1644,101399,27,53854,84840.34,391,5,Delhi,Premium,Mobile,2023-11-20 0:00:00,No,High,34248.94,44,3.0
1645,100470,67,198312,13369.15,321,5,Kolkata,Retail,Mobile,2021-05-29 0:00:00,Yes,High,28233.37,31,4.6
1646,101727,abc,165659,194431.51,749,11,Hyderabad,Retail,Branch,,No,Low,16942.59,85,8.2
1647,101732,66,147232,31677.46,790,8,Bangalore,Premium,Agent,2022-02-16 0:00:00,Yes,Low,13296.06,144,4.4
1648,100688,56,228502,,651,6,bangalore,Retail,Mobile,2025-02-18 0:00:00,Yes,Medium,8909.2,48,2.9
1649,101882,52,89307,267395.46,640,2,Mumbai,Corporate,Online,2025-08-27 0:00:00,Yes,Medium,21960.38,12,6.5
1650,100640,27,191703,226148.91,586,10,Chennai,Retail,Online,2022-07-25 0:00:00,NO,Medium,33166.25,116,4.1
1651,101747,53,192188,191370.56,,8,Pune,Retail,Mobile,2023-09-14 0:00:00,Yes,High,25147.93,48,3.9
1652,101219,28,233883,118788.48,346,2,Delhi,Corporate,Online,2021-06-01 0:00:00,No,High,22402.31,111,2.8
1653,101159,64,161511,259092.43,536,9,Hyderabad,Premium,Agent,2022-10-09 0:00:00,Yes,High,42097.89,98,8.3
1654,101416,,201325,136685.75,648,8,Bangalore,SME,Online,2025-04-06 0:00:00,Y,Medium,,120,6.6
1655,101528,,174817,,836,8,Delhi,,Mobile,2025-08-08 0:00:00,No,Low,39637.65,42,5.3
1656,101665,71,105257,64109.44,471,14,Bangalore,Retail,Mobile,2023-02-21 0:00:00,No,High,37455.05,120,5.1
1657,101301,,147721,260881.82,unknown,11,Hyderabad,Retail,Mobile,2024-08-19 0:00:00,No,High,27143.51,104,8.7
1658,101861,43,204272,44465.24,368,10,Hyderabad,Corporate,Mobile,2022-01-24 0:00:00,No,High,30335.13,41,2.7
1659,100801,20,79253,221822.47,656,0,Chennai,Corporate,Agent,,Yes,Medium,20663.08,126,9.1
1660,101604,72,103707,unknown,671,2,Bangalore,SME,Mobile,2025-06-19 0:00:00,Yes,High,14643.71,43,5.1
1661,100161,43,114186,174895.33,-,5,Pune,SME,Agent,2026-01-13 0:00:00,No,High,44065.28,108,9.4
1662,100957,21,207184,283534.26,843,8,Kolkata,Premium,Agent,2023-02-16 0:00:00,Yes,Low,42096.64,111,
1663,101187,28,59964,175349.94,abc,13,Mumbai,Premium,Agent,2023-12-30 0:00:00,No,High,39038.02,50,6.5
1664,100822,70,61378,15005.57,846,1,Chennai,Corporate,Agent,2025-03-27 0:00:00,Yes,Low,,67,9.7
1665,101786,61,148950,139220.01,800,8,Pune,Retail,Online,2023-01-31 0:00:00,Yes,Low,14797.06,121,7.5
1666,100878,58,101559,277208.06,350,0,Delhi,Retail,Agent,,Yes,High,35315.38,98,3.9
1667,100914,64,50169,124354.82,608,4,Kolkata,SME,Branch,31/99/2024,Yes,Medium,16280.52,51,5.9
1668,100153,18,52082,212704.12,622,7,Delhi,,Mobile,2022-05-21 0:00:00,Yes,Medium,13805.46,51,4.4
1669,101875,50,187727,41404.65,429,0,Mumbai,,Mobile,2022-11-15 0:00:00,No,High,36597.16,14,3.3
1670,101814,58,123696,241793.67,429,2,,Retail,Mobile,2023-10-06 0:00:00,No,High,37894.96,80,3.1
1671,100510,50,101260,118561.78,405,10,Bangalore,SME,Mobile,2025-12-28 0:00:00,Yes,High,7961.48,44,4.4
1672,101136,56,114570,117178.08,518,15,Mumbai,Premium,Branch,2022-05-14 0:00:00,Yes,High,30564.14,122,7.5
1673,101251,27,83005,296018.73,449,12,Bangalore,Corporate,Online,2024-03-10 0:00:00,No,High,32992.45,26,5.8
1674,101698,74,130487,99599.49,836,2,Kolkata,SME,Branch,2022-03-25 0:00:00,Yes,Low,26853.74,71,5.6
1675,100104,64,88852,155171.81,435,12,Delhi,SME,Mobile,2024-10-31 0:00:00,Yes,High,27087.48,88,8.9
1676,101446,38,237978,53157.75,425,13,Hyderabad,Retail,Online,2023-08-04 0:00:00,Yes,High,47369.94,11,5.8
1677,101444,63,155349,,350,7,Hyderabad,SME,Mobile,unknown,Yes,High,31757.94,23,1.7
1678,101775,67,230730,289146.95,485,6,Hyderabad,Retail,Agent,2021-09-11 0:00:00,Yes,High,17730.73,27,1.4
1679,100587,33,229456,178140.74,353,15,Delhi,Corporate,Branch,,No,High,20329.47,101,5.8
1680,101806,23,206172,144814.04,420,6,Hyderabad,Premium,Agent,2022-09-11 0:00:00,No,High,24851.05,144,8.5
1681,101144,34,166214,260523.24,324,10,Hyderabad,Premium,Branch,2022-12-06 0:00:00,No,High,3220.2,6,6.9
1682,100054,35,44623,,720,6,Mumbai,Retail,Online,2021-07-18 0:00:00,Yes,Low,45565.35,58,8.3
1683,100152,52,,,548,2,Hyderabad,Premium,Mobile,2021-10-13 0:00:00,Yes,High,20855.75,40,3.1
1684,100404,64,233611,136475.67,536,15,Bangalore,Corporate,Agent,2024-02-13 0:00:00,Yes,High,14887.19,112,1.8
1685,101983,66,110371,260450.79,525,6,Pune,Corporate,Agent,2024-05-24 0:00:00,no,High,,53,4.3
1686,100208,72,195413,177422.03,642,0,Mumbai,Premium,Online,2025-01-18 0:00:00,Yes,Medium,21530.96,31,6.1
1687,101935,41,84871,298969.7,526,9,Mumbai,Premium,Online,,Yes,High,unknown,23,9.4
1688,101683,58,42071,153954.93,535,3,delhi,SME,Agent,2021-04-11 0:00:00,Yes,High,49025.94,,8.5
1689,101123,64,203756,24066.67,744,10,Chennai,Corporate,Agent,2024-11-15 0:00:00,Yes,Low,31150.79,120,3.7
1690,101787,,92494,282918.57,550,7,Mumbai,Premium,Online,2021-08-10 0:00:00,No,Medium,,96,6.5
1691,100009,75,113801,119039.05,720,8,Bangalore,SME,Mobile,2025-02-17 0:00:00,Yes,Low,41260.93,120,2.4
1692,101015,abc,71851,112344.12,606,7,Delhi,Retail,Agent,2023-03-24 0:00:00,No,Medium,47955.54,75,1.1
1693,101834,68,99567,174358.63,840,0,Delhi,Premium,Branch,unknown,Yes,Low,9752.14,37,9.6
1694,101061,36,41052,167378.23,666,10,Hyderabad,Premium,Agent,2021-12-27 0:00:00,Yes,Medium,23249.56,36,5.0
1695,100453,44,169832,82871.2,648,5,Hyderabad,Retail,Mobile,2023-12-07 0:00:00,No,Medium,36220.67,37,7.4
1696,101676,54,134472,169864.5,612,15,,Corporate,Branch,2022-07-17 0:00:00,Yes,Medium,2427.22,136,1.7
1697,100254,19,218118,206221.91,300,2,Pune,Premium,Mobile,2023-09-23 0:00:00,No,High,-,96,1.4
1698,101328,31,142322,,647,7,Kolkata,SME,Branch,2023-10-09 0:00:00,Yes,Medium,48448.81,8,6.4
1699,100897,22,,64818.03,356,9,Mumbai,Corporate,Agent,2022-12-22 0:00:00,Yes,High,30732.05,55,3.7
1700,101770,59,211987,180740.95,405,8,Delhi,Corporate,Online,2025-06-08 0:00:00,Yes,High,41062.19,14,4.7
1701,100881,71,34715,235956.71,565,4,Bangalore,Premium,Branch,2022-02-28 0:00:00,Yes,Medium,9532.58,40,1.2
1702,101596,33,62823,27412.23,411,13,Pune,SME,Mobile,2023-06-28 0:00:00,No,High,35099.76,53,7.0
1703,101929,63,110436,293109.5,815,3,Bangalore,Premium,Mobile,unknown,,Low,13264.57,119,4.5
1704,100624,44,128896,227720.68,396,5,Delhi,Retail,Agent,2022-02-13 0:00:00,No,High,47938.25,16,
1705,100346,41,97715,283194.69,443,0,Mumbai,SME,Online,2025-01-31 0:00:00,Yes,High,34926.04,10,4.9
1706,101737,51,174960,10481.77,628,2,Delhi,Premium,Agent,2023-01-20 0:00:00,,High,14550.38,19,1.1
1707,100263,19,208720,abc,324,2,Mumbai,Corporate,Mobile,2023-09-01 0:00:00,Yes,High,26058.82,97,3.5
1708,101635,47,182462,129295.17,422,15,Bangalore,Corporate,Branch,2023-07-31 0:00:00,Yes,High,45989.48,110,4.5
1709,101322,42,140725,101244.1,561,13,Bangalore,Premium,Agent,2022-09-15 0:00:00,Yes,Medium,,27,3.2
1710,101439,58,240602,273969.8,590,1,Chennai,Retail,Mobile,not_a_date,Yes,Medium,39820.44,113,5.2
1711,100151,44,56598,106855.69,367,5,Mumbai,Premium,Branch,2022-06-27 0:00:00,Yes,High,26638.89,3,7.1
1712,100473,30,179571,228326.49,605,7,Hyderabad,Retail,Mobile,2024-06-26 0:00:00,No,Medium,45402.31,28,7.2
1713,100641,60,248131,6201.41,342,9,Kolkata,SME,Mobile,2025-11-06 0:00:00,Yes,High,26123.58,118,5.7
1714,101982,75,137082,33362.62,497,11,Pune,SME,Mobile,2023-11-02 0:00:00,Yes,High,10643.34,140,1.6
1715,101923,35,199018,156963.92,507,13,Mumbai,Retail,Agent,2025-02-28 0:00:00,0,High,,49,6.6
1716,100551,18,193452,82664.38,abc,13,Delhi,Retail,Agent,2024-02-23 0:00:00,No,High,3373.29,138,
1717,101817,64,212598,7405.25,323,0,Chennai,,Online,2022-04-26 0:00:00,No,High,16565.32,18,6.7
1718,100929,38,49226,103568.99,550,13,Hyderabad,Premium,Online,2026-02-27 0:00:00,Yes,Medium,23791.8,18,8.8
1719,100489,45,104671,298494.41,564,9,Kolkata,Premium,Online,2021-11-20 0:00:00,Yes,Medium,37530.42,71,7.1
1720,101850,31,209402,138200.95,839,1,Mumbai,Retail,Mobile,2023-01-13 0:00:00,no,Low,35119.25,78,8.4
1721,101172,73,247146,12702.68,574,7,Kolkata,Retail,Agent,2024-04-22 0:00:00,No,High,41900.28,138,6.4
1722,100147,52,82372,159677.26,436,13,Kolkata,SME,Mobile,2026-02-16 0:00:00,Yes,High,,88,4.1
1723,101739,64,237695,9006.4,575,5,pune,SME,Mobile,2023-10-25 0:00:00,No,High,5589.02,11,1.9
1724,101969,75,198824,55.96,723,4,Hyderabad,Corporate,Online,2021-09-16 0:00:00,Yes,High,24681.66,28,8.9
1725,100403,45,178087,228692.71,686,5,,Corporate,Branch,2025-05-24 0:00:00,Yes,Medium,23025.06,7,4.8
1726,100955,62,36138,172622.82,487,12,Delhi,Premium,Branch,2025-04-08 0:00:00,No,High,45865.18,67,9.3
1727,101918,31,74812,142249.29,683,0,Pune,SME,Agent,2021-02-02 0:00:00,Yes,Medium,,18,8.0
1728,100660,51,103714,,486,15,Delhi,SME,Agent,2021-03-20 0:00:00,Yes,High,,84,2.3
1729,101373,62,167077,,369,12,Mumbai,Retail,Online,2022-11-14 0:00:00,Yes,High,30306.64,84,3.3
1730,100464,56,101367,18188.68,508,10,Kolkata,Premium,Online,2024-10-07 0:00:00,No,High,6543.23,112,
1731,101350,44,144654,231754.89,472,8,kolkata,SME,Agent,2025-08-10 0:00:00,,High,9741.6,81,4.5
1732,100187,53,73901,140034.62,476,3,Hyderabad,Retail,Branch,2022-05-30 0:00:00,Yes,High,16918.67,45,1.6
1733,101148,21,226139,189921.8,356,9,Chennai,SME,Online,2022-11-09 0:00:00,Yes,High,2769.67,14,5.9
1734,101225,22,89946,124865.42,829,12,Delhi,SME,Agent,2021-11-02 0:00:00,,Low,1825.14,68,4.6
1735,100609,75,128754,177129.33,428,15,Kolkata,Premium,Online,2025-11-05 0:00:00,Yes,High,11265.48,138,5.5
1736,100144,40,125732,232061.67,355,11,Chennai,Retail,Online,2023-10-20 0:00:00,Yes,High,41460.31,7,8.4
1737,100752,60,90681,174654.97,389,15,Hyderabad,Retail,Agent,2021-06-23 0:00:00,Yes,High,47408.76,1,6.6
1738,101535,18,213786,169706.45,613,9,Hyderabad,SME,Online,2024-04-23 0:00:00,no,Medium,11515.22,56,7.1
1739,100982,34,174340,262251.2,488,3,Pune,SME,Agent,2021-02-11 0:00:00,Yes,High,41458.56,134,6.8
1740,100198,70,204362,168813.51,718,9,Delhi,Retail,Mobile,2022-07-01 0:00:00,Yes,Low,34900.78,108,5.0
1741,101634,55,204635,137895.25,510,12,Delhi,Premium,Agent,2022-06-05 0:00:00,Yes,High,13048.56,136,1.2
1742,100884,50,-,,369,3,Delhi,SME,Mobile,2023-03-09 0:00:00,Yes,High,32863.08,10,7.4
1743,100280,51,230735,252669.22,309,6,Kolkata,Retail,Branch,2024-10-07 0:00:00,No,High,9998.43,144,
1744,100294,36,75069,157883.54,508,14,hyderabad,,Agent,2024-02-09 0:00:00,No,High,13208.71,139,2.7
1745,101862,72,36002,,692,15,Delhi,Retail,Branch,2021-09-08 0:00:00,Yes,Medium,9752.02,42,1.1
1746,100401,47,187932,12497.05,334,13,Kolkata,,Agent,2024-11-27 0:00:00,No,High,9402.3,23,7.8
1747,100123,28,140953,29790.66,668,0,Bangalore,Retail,Mobile,2022-10-27 0:00:00,Yes,Medium,,83,4.5
1748,101208,32,51806,37566.17,551,8,,SME,Mobile,2022-11-29 0:00:00,No,Medium,49532.98,36,7.9
1749,100203,61,194230,217714.94,384,3,Bangalore,Retail,Mobile,2022-08-25 0:00:00,No,High,40934.59,112,9.5
1750,101463,26,27839,282066.24,517,1,Kolkata,Premium,Agent,2024-02-03 0:00:00,Yes,High,6541.66,53,1.3
1751,100836,53,78363,265489.29,513,12,Bangalore,SME,Branch,2021-11-22 0:00:00,No,High,17475.29,21,5.0
1752,100247,66,216184,242754.95,654,9,Mumbai,Corporate,Agent,2021-04-29 0:00:00,Yes,Medium,27333.78,58,7.4
1753,101440,39,48284,56818.03,711,12,Mumbai,Premium,Branch,2023-04-16 0:00:00,Yes,Low,24778.68,93,3.2
1754,101734,57,243561,196915.76,680,5,Kolkata,Corporate,Mobile,2025-05-30 0:00:00,0,Medium,48016.86,75,4.8
1755,101790,74,63547,195670.61,351,2,Delhi,Premium,Agent,2023-08-24 0:00:00,Yes,High,1786.12,136,6.8
1756,101942,23,89046,277232.31,578,14,Hyderabad,Premium,Online,2025-05-24 0:00:00,No,Medium,24721.88,24,6.5
1757,101708,24,58691,88917.6,429,13,Bangalore,Premium,Agent,2024-10-26 0:00:00,Yes,High,32506.57,114,6.6
1758,101921,67,,88699.51,624,6,Chennai,Retail,Branch,,No,Medium,2005.9,58,7.2
1759,101154,64,not_available,281979.54,725,10,Pune,Retail,Online,2022-05-30 0:00:00,No,Low,13694.23,16,5.4
1760,101662,42,185211,83315.73,559,12,Bangalore,Retail,Agent,2023-09-17 0:00:00,Yes,Medium,29220.84,120,
1761,101427,25,28471,297508.82,502,1,Delhi,Retail,Branch,2023-09-20 0:00:00,Yes,High,44491.45,95,6.7
1762,100385,68,157028,234604.6,583,13,Kolkata,,Mobile,2022-03-14 0:00:00,No,Medium,11158.86,11,9.8
1763,101795,33,197886,210414.99,430,13,Chennai,Retail,Online,2022-11-03 0:00:00,NO,High,17223.77,148,3.8
1764,101760,19,185081,29863.95,833,14,Pune,Premium,Branch,2025-10-28 0:00:00,No,Low,41638.68,79,5.3
1765,100855,74,195963,,411,1,Delhi,Premium,Mobile,2021-06-08 0:00:00,Yes,High,31930.1,22,1.7
1766,101590,41,73777,250949.55,327,0,Hyderabad,SME,Branch,2021-07-21 0:00:00,Yes,High,6842.68,18,6.8
1767,100220,20,107879,291459.91,349,14,Bangalore,Premium,Mobile,2022-09-04 0:00:00,yes,High,35422.38,27,6.0
1768,100642,61,56348,80705.89,300,7,Kolkata,SME,Mobile,2021-05-23 0:00:00,No,High,8784.69,14,3.1
1769,100002,69,173746,14849.06,missing,15,,,Mobile,2021-08-17 0:00:00,Yes,High,38918.9,58,9.4
1770,100113,62,86246,252517.01,314,2,Hyderabad,Corporate,Agent,2021-12-01 0:00:00,No,High,2985.55,86,9.9
1771,100699,42,179243,285740.14,795,15,mumbai,SME,Online,2024-09-20 0:00:00,No,Low,4725.75,41,4.1
1772,101956,46,173934,103687.5,625,8,Mumbai,Corporate,Online,2024-11-06 0:00:00,No,Medium,23171.72,123,2.5
1773,100952,63,230037,61100.14,315,0,Kolkata,Retail,Agent,2023-07-21 0:00:00,Yes,High,27998.17,84,7.6
1774,101649,73,177872,,470,12,Mumbai,Corporate,Mobile,2022-12-09 0:00:00,Yes,High,missing,81,2.0
1775,101637,51,207650,59428.66,687,9,Chennai,Retail,Mobile,2024-09-27 0:00:00,Yes,Medium,1165.48,10,5.3
1776,101785,54,,5515.84,693,2,Delhi,SME,Agent,2024-07-31 0:00:00,Yes,High,38534.07,123,4.0
1777,101411,30,58787,179888.27,770,3,Hyderabad,SME,Branch,2024-06-29 0:00:00,No,Low,12859.21,119,7.8
1778,101410,43,172256,185884.78,752,3,Delhi,SME,Mobile,2023-01-11 0:00:00,No,Low,38753.82,57,7.5
1779,101534,35,43322,273867.73,305,7,Delhi,SME,Online,2023-10-26 0:00:00,Yes,High,13484.63,98,6.5
1780,101292,28,178728,209559.19,373,6,mumbai,Premium,Online,2024-07-04 0:00:00,No,High,3107.33,28,7.8
1781,101847,59,78909,37881.34,678,10,Mumbai,Retail,Mobile,2023-06-30 0:00:00,No,Medium,48743.16,138,6.6
1782,100442,75,60046,159221.21,660,5,Bangalore,Premium,Agent,2024-03-12 0:00:00,No,Medium,25989.89,138,7.4
1783,101521,68,75601,41365.58,840,14,Kolkata,SME,Agent,2024-12-15 0:00:00,Yes,Low,40803.44,76,1.1
1784,101137,74,126015,20798.5,832,5,Kolkata,Corporate,Agent,2022-09-20 0:00:00,No,Low,9665.67,42,9.2
1785,101716,63,34752,248206.97,370,6,Pune,Retail,Branch,2021-03-22 0:00:00,No,High,48215.69,2,2.4
1786,101257,30,204980,46794.26,762,15,Bangalore,Retail,Branch,2025-04-12 0:00:00,Yes,Low,39919.12,66,8.2
1787,101903,73,242782,230249.65,771,15,Pune,SME,Agent,2022-05-29 0:00:00,Yes,Low,8891.25,37,3.5
1788,101632,22,46253,299286.85,813,11,Pune,SME,Agent,2023-08-03 0:00:00,Yes,Low,32901.95,101,2.1
1789,101696,38,105685,86198.01,814,10,Kolkata,SME,Agent,2025-07-01 0:00:00,Yes,Low,4366.43,107,5.6
1790,101398,28,30469,26264.6,674,4,Delhi,Retail,Online,2025-11-07 0:00:00,Yes,Medium,26227.25,38,6.9
1791,100664,21,89106,103381.23,591,2,Mumbai,Premium,Mobile,2022-12-09 0:00:00,No,Medium,42552.42,120,4.6
1792,101874,35,207947,144014.21,676,0,Mumbai,Retail,Agent,not_a_date,Yes,Medium,33850.66,6,9.9
1793,101258,57,110457,143548.83,387,0,Mumbai,SME,Branch,2022-03-02 0:00:00,N,High,16966.4,42,5.7
1794,101811,29,238451,190023.52,823,12,Hyderabad,SME,Agent,2021-04-03 0:00:00,No,Low,48314.54,18,6.1
1795,101701,44,56852,227726.08,610,13,Mumbai,Premium,Branch,2024-06-25 0:00:00,Yes,Medium,37792.71,46,
1796,100318,52,58320,102111.22,567,13,Mumbai,Corporate,Agent,2025-01-21 0:00:00,No,Medium,29284.66,17,1.3
1797,100649,68,78551,189647.85,525,3,Pune,Retail,Branch,2024-10-23 0:00:00,Yes,High,1042.81,16,9.6
1798,101435,68,191597,213039.79,410,0,Kolkata,SME,Online,2021-11-21 0:00:00,Yes,High,9377.99,67,7.0
1799,101480,51,157503,4553.06,737,15,Kolkata,Retail,Mobile,2022-11-28 0:00:00,Yes,High,17341.15,36,9.8
1800,100710,36,73368,280589.13,675,11,Kolkata,SME,Mobile,2023-04-05 0:00:00,Yes,Medium,673.48,21,9.4
1801,101383,21,93926,208687.4,465,15,Kolkata,Corporate,Agent,2022-08-14 0:00:00,No,High,33220.84,4,2.4
1802,101283,51,161998,156828.04,613,6,Pune,Corporate,Branch,2025-10-27 0:00:00,Yes,Medium,15486.39,94,4.0
1803,101769,57,97516,237439.06,349,14,Bangalore,Retail,Agent,2021-07-04 0:00:00,Yes,High,7888.46,71,3.7
1804,100973,67,233524,122435.72,720,11,hyderabad,Retail,Online,2021-05-21 0:00:00,No,Low,44911.6,45,5.3
1805,100628,67,121546,,368,13,Hyderabad,Corporate,Mobile,2022-12-18 0:00:00,Yes,High,27552.43,121,6.8
1806,100633,60,232815,121725.35,378,8,Delhi,Retail,Branch,2022-04-12 0:00:00,Yes,High,24683.78,146,9.7
1807,101307,missing,235650,39496.08,785,13,Delhi,Corporate,Online,2021-05-27 0:00:00,,Low,38069.83,13,
1808,101401,55,101256,87754.93,600,14,Mumbai,,Branch,2021-01-03 0:00:00,Yes,Medium,12462.73,74,
1809,101409,29,231126,88696.36,849,0,Hyderabad,,Agent,2023-11-28 0:00:00,Yes,Low,3991.45,50,3.2
1810,101249,67,133255,233041,493,12,Delhi,Corporate,Online,2023-05-29 0:00:00,No,High,35593.23,93,4.2
1811,101993,,108375,29578.27,531,9,Hyderabad,SME,Online,2025-04-24 0:00:00,No,High,21951.66,149,4.2
1812,101255,61,48387,212002.66,610,7,Bangalore,Corporate,Online,2025-02-24 0:00:00,No,Medium,46534.25,42,2.2
1813,101497,,,67882.58,330,6,,SME,Agent,2024-01-09 0:00:00,Yes,High,34082.12,141,1.2
1814,101372,53,61727,278515.05,390,15,Chennai,Premium,Online,2023-04-17 0:00:00,Yes,High,42332.81,74,8.1
1815,101530,47,190593,167193.17,428,1,Pune,SME,Agent,2021-11-08 0:00:00,Yes,High,49778.25,89,3.2
1816,101664,26,233139,278074.9,740,3,Kolkata,Corporate,Agent,2022-05-01 0:00:00,No,Low,23940.21,115,5.1
1817,101355,50,129195,211224.98,416,0,Delhi,Corporate,Online,2025-03-29 0:00:00,No,High,7823.76,21,8.2
1818,101966,43,42569,261796.52,306,11,Hyderabad,Corporate,Mobile,2024-05-30 0:00:00,NO,High,4481.94,84,6.9
1819,101941,60,96853,219716.53,700,3,,Corporate,Mobile,2025-01-29 0:00:00,Yes,Low,3526.74,134,1.2
1820,101644,61,86001,39150.38,636,2,Delhi,Corporate,Branch,2024-10-19 0:00:00,Yes,Medium,27870.87,13,7.4
1821,101888,30,150149,257866.92,685,1,Bangalore,SME,Online,2025-07-24 0:00:00,Yes,Medium,34497.65,45,4.7
1822,100796,44,58893,162597.02,370,9,Kolkata,SME,Online,2025-04-27 0:00:00,Yes,High,9265.01,118,5.7
1823,100646,48,57779,144560.24,402,11,Hyderabad,SME,Agent,2024-08-06 0:00:00,Yes,High,not_available,141,2.6
1824,101013,59,66568,182522.68,520,14,Delhi,Premium,Online,2026-02-03 0:00:00,Yes,High,35985.77,21,8.7
1825,101878,59,205488,293038.31,400,7,hyderabad,Premium,Online,2025-05-31 0:00:00,Yes,High,33016.22,62,4.2
1826,100557,42,150354,254181.5,585,5,Delhi,Premium,Online,2026-01-26 0:00:00,Yes,Medium,16521.31,111,7.1
1827,100682,66,32151,234651.38,643,0,Mumbai,SME,Branch,2026-03-11 0:00:00,Yes,Medium,26919.17,133,4.6
1828,100578,45,183056,253754.87,781,0,Bangalore,Retail,Online,2024-10-28 0:00:00,No,Low,19087.11,22,5.4
1829,101820,33,151688,251946.11,655,0,Pune,SME,Online,2021-10-05 0:00:00,Yes,Medium,27505.93,missing,9.1
1830,101110,,246972,280071.33,743,14,Bangalore,Premium,Mobile,2022-07-20 0:00:00,No,Low,13241.86,26,5.1
1831,101267,32,202558,118712.39,679,9,Kolkata,Premium,Agent,2024-02-05 0:00:00,Yes,Medium,46428.19,119,4.6
1832,101723,53,171108,101193.29,707,13,Hyderabad,Corporate,Mobile,2025-02-08 0:00:00,Yes,Low,44835.63,104,4.2
1833,101184,65,31910,191709.65,722,8,Delhi,Retail,Branch,2022-09-12 0:00:00,No,Low,,98,8.1
1834,100525,72,86212,235326.26,488,13,Kolkata,SME,Mobile,2022-06-25 0:00:00,Yes,High,21259.8,16,4.9
1835,101060,68,212604,223726.01,379,2,Pune,SME,Online,2023-06-11 0:00:00,Yes,High,15635.09,133,5.6
1836,100541,54,26969,,773,10,Mumbai,SME,Agent,2025-04-29 0:00:00,Yes,Low,9130.66,96,5.0
1837,101195,68,64071,19958.28,584,11,Bangalore,Retail,Mobile,2021-09-16 0:00:00,No,Medium,44471.23,46,9.7
1838,101679,35,114087,160610.38,391,0,Bangalore,Premium,Agent,2025-11-07 0:00:00,Yes,High,29776.77,85,10.0
1839,100749,52,187982,293687.25,370,15,Kolkata,SME,Mobile,2025-02-16 0:00:00,Yes,High,2639.08,60,5.0
1840,101891,49,33259,109401.2,622,1,Mumbai,Premium,Online,2022-11-04 0:00:00,No,Medium,35406.85,145,2.5
1841,101431,not_available,not_available,135844.11,401,15,bangalore,Retail,Online,2024-05-31 0:00:00,Yes,High,42551.12,95,7.8
1842,100485,29,117324,144400.01,827,6,Chennai,Retail,Branch,2025-12-06 0:00:00,Yes,Low,,130,9.9
1843,101758,26,228058,83681.42,581,3,,Retail,Agent,2025-03-25 0:00:00,Yes,Medium,25284.48,54,5.9
1844,100096,31,222744,157743.78,648,5,Hyderabad,SME,Agent,2023-01-18 0:00:00,Yes,Medium,8217.97,116,1.7
1845,101021,34,197851,249410.31,719,5,Hyderabad,Retail,Mobile,2025-08-29 0:00:00,Yes,Low,16677.61,48,5.2
1846,100564,,221910,68608.32,724,13,,Corporate,Online,2024-02-06 0:00:00,Yes,Low,625.11,137,4.7
1847,101265,26,69638,132523.95,477,6,Hyderabad,SME,Online,2022-05-07 0:00:00,Yes,High,27708.65,97,7.0
1848,100743,75,59084,274419.33,499,15,Mumbai,Retail,Agent,2022-03-14 0:00:00,Yes,High,,18,9.2
1849,100864,41,247724,unknown,777,11,Mumbai,Premium,Branch,2021-06-15 0:00:00,Yes,Low,29298.67,91,7.5
1850,101599,54,168891,234289.16,738,11,Bangalore,SME,Agent,,No,Low,7745.61,65,8.0
1851,101715,75,,51388.49,585,14,Chennai,,Mobile,2024-08-16 0:00:00,Yes,Medium,36275,95,9.7
1852,101485,68,231043,209906.97,516,2,Kolkata,Corporate,Online,2021-01-06 0:00:00,Yes,High,9705.18,22,5.7
1853,100892,63,203936,76464.67,582,6,Mumbai,Corporate,Agent,2025-04-17 0:00:00,Yes,Medium,19410.72,123,3.4
1854,101578,74,90633,166898.4,614,14,Hyderabad,,Branch,2021-03-15 0:00:00,Yes,Medium,2219.74,60,
1855,101039,40,166028,198745.18,667,3,Chennai,Retail,Branch,2023-05-28 0:00:00,Yes,Medium,12103.08,136,
1856,100207,75,46563,180635.1,363,0,Bangalore,Premium,Agent,2021-01-07 0:00:00,Yes,High,23694.7,105,5.1
1857,100393,62,64063,284653.79,627,1,hyderabad,Premium,Branch,2023-03-11 0:00:00,No,Medium,49600.37,99,4.4
1858,100795,56,173697,280880.14,350,2,,Premium,Mobile,2025-10-29 0:00:00,Yes,High,32413.48,144,2.9
1859,100871,43,242029,140857.66,593,0,Chennai,Premium,Branch,2024-12-17 0:00:00,Yes,Medium,missing,97,8.7
1860,100398,44,221200,80002.56,490,0,Bangalore,SME,Online,unknown,No,High,34823.05,31,4.9
1861,100767,missing,117578,129112.42,756,4,bangalore,SME,Mobile,2022-02-12 0:00:00,No,Low,27233.25,53,5.9
1862,101880,19,162888,26294.95,357,4,Kolkata,Premium,Online,2022-02-25 0:00:00,Yes,High,1925.67,54,7.7
1863,101242,28,40997,,457,8,Mumbai,Premium,Online,2023-02-19 0:00:00,Yes,High,13644.01,33,6.6
1864,101029,70,missing,127821.29,724,9,Hyderabad,SME,Mobile,2024-11-02 0:00:00,No,Low,42773.77,70,2.2
1865,101793,64,,63700.19,485,6,Bangalore,Retail,Mobile,2025-12-16 0:00:00,Yes,High,4144.1,49,6.4
1866,100643,,220804,155278.89,569,8,Mumbai,Premium,Branch,2025-05-03 0:00:00,Yes,Medium,48933.61,139,1.4
1867,101932,32,34168,268090.58,359,15,,Corporate,Online,2023-01-12 0:00:00,Yes,High,43821.77,not_available,9.1
1868,100613,22,116736,60168.08,497,6,Mumbai,Corporate,Branch,2022-07-01 0:00:00,Yes,High,20334.61,121,8.4
1869,101763,26,130400,76075.24,317,2,Chennai,Corporate,Online,2024-10-13 0:00:00,No,High,38740.06,127,5.3
1870,100961,49,204316,131728.67,629,2,Hyderabad,Premium,Mobile,2023-05-14 0:00:00,Yes,Medium,abc,134,3.8
1871,101571,74,38140,,693,7,Kolkata,Premium,Mobile,2024-07-07 0:00:00,Yes,Medium,12735.15,122,
1872,100726,33,113204,106756.43,749,13,mumbai,Corporate,Mobile,2023-04-12 0:00:00,No,Low,3591.24,143,7.1
1873,100684,65,118747,239264.21,665,13,mumbai,Premium,Branch,2024-01-08 0:00:00,Yes,Medium,33068.57,61,
1874,100099,57,188038,193722.15,819,3,Chennai,,Agent,2022-12-29 0:00:00,Yes,Low,10105.67,78,1.6
1875,100805,45,135944,missing,442,10,Delhi,SME,Branch,2023-11-27 0:00:00,Yes,High,29544.36,87,4.5
1876,101752,,not_available,185631.62,666,8,Pune,Premium,Branch,2022-11-25 0:00:00,Yes,Medium,32772.7,12,2.7
1877,101598,69,,12915.72,335,4,Mumbai,Premium,Online,2024-11-22 0:00:00,Yes,High,26791.66,99,8.1
1878,100407,65,51017,39455.48,300,0,Kolkata,Retail,Agent,2023-09-24 0:00:00,Yes,High,888.32,12,5.3
1879,100503,69,116155,64187.11,424,1,Chennai,SME,Agent,2022-06-09 0:00:00,Yes,High,3193.3,73,4.4
1880,101072,58,47420,67512.56,610,9,Chennai,SME,Online,2023-08-11 0:00:00,no,Medium,28784.86,131,
1881,101057,49,84353,258454.11,350,1,Delhi,Premium,Mobile,2023-07-31 0:00:00,Yes,High,46399.65,122,8.2
1882,100930,65,31721,124260.28,609,15,Chennai,Corporate,Branch,2021-09-19 0:00:00,0,Medium,5114.09,88,3.6
1883,100780,62,29358,74857.31,811,0,kolkata,Premium,Agent,,Yes,Low,15594.26,142,8.3
1884,101864,61,235294,268321.32,566,13,Bangalore,SME,Online,2025-08-15 0:00:00,No,Medium,14483.69,40,4.9
1885,100201,45,107711,275620.41,738,4,Pune,Corporate,Branch,2022-11-28 0:00:00,No,Low,39195.25,12,6.9
1886,100135,45,179893,142201.93,829,1,Mumbai,Premium,Mobile,2021-05-16 0:00:00,Yes,Low,10678.66,103,4.0
1887,101052,20,131297,213833.3,546,6,Chennai,Retail,Branch,2023-06-07 0:00:00,Yes,High,27053.26,56,5.2
1888,100041,64,27396,199587.63,722,12,Chennai,,Online,2025-07-09 0:00:00,Yes,Low,20811.71,141,4.0
1889,101018,21,199180,104983.48,303,15,Mumbai,Corporate,Online,2021-06-05 0:00:00,No,High,,108,9.0
1890,100231,41,,100022.2,476,5,Chennai,SME,Mobile,2025-05-14 0:00:00,Yes,High,42729.01,63,7.9
1891,101514,66,170361,43292.76,672,15,Mumbai,Retail,Mobile,,Yes,Medium,39634.31,91,8.8
1892,101797,36,231402,299072.77,731,4,Chennai,SME,Agent,2024-06-03 0:00:00,No,Low,9989.11,145,7.9
1893,100379,24,80230,,451,15,Hyderabad,SME,Branch,2025-10-05 0:00:00,Yes,High,37040.5,unknown,2.1
1894,100289,33,201076,260080.04,467,2,Pune,Corporate,Online,2022-04-06 0:00:00,Yes,High,4917.86,135,7.5
1895,100419,23,151503,192557.99,688,2,Delhi,Corporate,Branch,2021-04-28 0:00:00,Yes,Medium,5599.45,2,1.2
1896,101699,48,79400,198838.88,440,5,Pune,Premium,Agent,2024-07-27 0:00:00,No,High,44985.31,84,6.1
1897,100392,55,124259,212814.89,521,7,Chennai,SME,Agent,2021-01-05 0:00:00,Yes,High,38317.85,104,8.7
1898,100593,53,241222,138000.72,690,5,Mumbai,SME,Branch,2025-11-06 0:00:00,Yes,Medium,7907.02,2,5.6
1899,101523,36,158611,269323.07,520,15,Kolkata,Retail,Agent,2025-07-20 0:00:00,Yes,High,40248.1,83,1.5
1900,101163,61,103815,16317.22,483,9,Hyderabad,Corporate,Online,2025-04-10 0:00:00,Yes,High,7470.19,137,3.2
1901,101087,39,55620,45182.43,344,3,Chennai,Premium,Branch,2025-03-17 0:00:00,Yes,High,15845.81,87,9.4
1902,101496,46,32896,175523.53,601,15,Chennai,Premium,Online,2023-07-04 0:00:00,Yes,Medium,49644.32,70,4.8
1903,100648,19,106889,284762.59,389,10,Pune,SME,Branch,2023-03-30 0:00:00,Yes,High,44420.9,28,1.4
1904,101153,,117601,138350.07,686,12,Hyderabad,Retail,Agent,2022-09-20 0:00:00,Yes,Medium,,107,8.2
1905,101368,55,179297,,695,0,Delhi,SME,Mobile,,No,Medium,1380.36,98,2.8
1906,100521,69,221733,229073.72,412,6,Pune,SME,Online,2022-02-21 0:00:00,Yes,High,30759.62,98,2.5
1907,101863,40,-,244582.9,384,8,Mumbai,SME,Agent,2025-10-03 0:00:00,,High,27330.75,108,5.2
1908,101881,72,102175,19743.53,688,8,Kolkata,Premium,Agent,2021-05-21 0:00:00,N,Medium,21034.12,90,9.9
1909,100065,,94274,297378.97,433,10,hyderabad,,Online,2021-09-13 0:00:00,Yes,High,11169.39,80,5.9
1910,101837,67,202810,24500.18,633,2,Pune,Retail,Branch,2025-09-04 0:00:00,Yes,Medium,14439.23,125,7.4
1911,100015,70,67520,159479.84,841,5,Bangalore,Retail,Online,2021-06-28 0:00:00,Yes,Low,18885.14,115,4.0
1912,101181,23,148257,136461.73,557,6,Hyderabad,SME,Branch,2022-04-11 0:00:00,Yes,Medium,46786.29,20,5.1
1913,101065,,156743,135232.89,763,7,,Retail,Online,2022-07-08 0:00:00,,Low,5613.37,135,
1914,100493,,,32667.99,456,1,Chennai,Retail,Branch,2024-12-11 0:00:00,Yes,High,9734.91,78,7.3
1915,100380,20,136822,173752.58,630,7,Pune,Corporate,Branch,2022-04-30 0:00:00,no,Medium,24760.9,132,1.7
1916,100188,30,,10338.38,336,12,Mumbai,Retail,Agent,2024-02-08 0:00:00,Yes,High,9484.13,90,3.3
1917,100764,63,102231,51633.18,585,0,Hyderabad,SME,Branch,2022-09-28 0:00:00,No,Medium,47970.85,29,8.7
1918,100217,69,186779,93569.72,602,4,Mumbai,Retail,Online,2021-08-06 0:00:00,Yes,Medium,7266.41,32,9.2
1919,100792,36,207573,15146.68,422,8,Hyderabad,Premium,Mobile,2021-01-12 0:00:00,No,High,47701.83,15,2.6
1920,101077,66,129131,196412.72,383,1,Delhi,Premium,Online,2022-07-04 0:00:00,Yes,High,15151.63,11,9.2
1921,100879,53,35699,33564.18,541,0,,Premium,Online,2023-05-02 0:00:00,No,High,10522.69,146,4.4
1922,100338,65,123818,202754.32,405,7,Mumbai,Premium,Mobile,2025-02-02 0:00:00,No,High,47421.9,24,4.3
1923,101773,52,196790,abc,371,9,Pune,SME,Agent,2022-06-26 0:00:00,No,High,11229.51,50,8.6
1924,100720,31,84189,123496.64,453,9,pune,,Online,2025-03-13 0:00:00,Yes,High,25411.89,97,7.5
1925,101749,37,241823,230401.63,466,4,Mumbai,Retail,Online,2022-08-28 0:00:00,Yes,High,37644.25,7,6.5
1926,100296,20,-,70396.03,442,0,Mumbai,Premium,Mobile,2024-04-20 0:00:00,No,High,30475.73,11,9.6
1927,101726,46,205488,33341.14,783,5,Delhi,Premium,Online,not_a_date,Yes,Low,30184.47,27,2.1
1928,101017,,48312,13595.78,695,7,Mumbai,Premium,Online,2022-02-11 0:00:00,Yes,High,37063.31,abc,3.5
1929,101276,61,33706,59773.79,-,8,Mumbai,Premium,Agent,2022-08-20 0:00:00,Yes,Low,41641.17,14,1.1
1930,101751,52,246373,133932.58,528,12,Bangalore,SME,Agent,2025-11-18 0:00:00,Yes,High,4929.18,11,3.8
1931,101486,71,128302,123257.13,755,0,bangalore,Premium,Branch,2022-08-03 0:00:00,Yes,Low,45521.52,46,9.5
1932,100456,43,86367,271926.29,801,13,Pune,Corporate,Branch,2022-02-23 0:00:00,Yes,Low,9458.17,43,3.4
1933,101610,50,121334,130131.17,480,7,Bangalore,,Branch,2021-10-26 0:00:00,No,High,15829.19,93,5.5
1934,100816,74,97240,164062.79,453,10,delhi,SME,Mobile,2023-08-10 0:00:00,Yes,High,30694.08,124,4.3
1935,101887,30,117493,146710.73,836,13,,SME,Agent,2022-03-19 0:00:00,Yes,Low,3497.34,136,7.3
1936,100270,72,199480,213033.02,701,15,Hyderabad,SME,Mobile,2023-05-17 0:00:00,Yes,Low,3199.71,102,5.5
1937,100996,55,202404,62386.91,496,10,Delhi,Retail,Online,2023-01-26 0:00:00,Yes,High,17135.88,77,5.8
1938,100202,61,51385,108680.43,513,7,Chennai,Premium,Agent,2021-08-17 0:00:00,No,High,1263.05,77,8.7
1939,100162,72,162612,299914.14,666,1,Chennai,,Online,,,Medium,11091.11,40,9.2
1940,101580,54,121111,272174.68,558,2,Delhi,SME,Online,2021-05-21 0:00:00,Yes,Medium,20233.63,37,4.7
1941,100730,29,190140,21633.33,654,4,Chennai,SME,Online,2022-09-15 0:00:00,Yes,Medium,9595.08,71,8.7
1942,100402,50,56585,119294.27,678,3,Delhi,Retail,Branch,2025-02-05 0:00:00,No,Medium,14612.43,55,4.7
1943,100703,34,204785,203145.72,372,10,Pune,Corporate,Online,2026-01-18 0:00:00,Yes,High,14970.31,93,7.7
1944,101501,67,30347,185083.21,693,8,Pune,Corporate,Agent,2024-02-05 0:00:00,No,Medium,14206.63,43,
1945,101846,35,59518,38210.84,661,11,Pune,Retail,Branch,2023-06-28 0:00:00,,Medium,28353.75,126,5.2
1946,101796,41,246823,34032.25,742,3,Hyderabad,SME,Agent,,Yes,Low,4354.57,29,1.2
1947,101130,32,85920,39793.37,520,7,Kolkata,Premium,Mobile,2021-02-05 0:00:00,Yes,High,4648.52,96,8.5
1948,100566,46,75138,44453.38,abc,9,Pune,Retail,Mobile,2023-05-31 0:00:00,No,High,39716.41,81,6.7
1949,101414,42,,273879.3,650,8,Mumbai,Premium,Mobile,2024-07-04 0:00:00,No,Medium,23826.22,106,4.2
1950,101022,27,224900,252697.65,400,5,Pune,SME,Online,2024-07-08 0:00:00,Yes,High,9036.37,91,5.9
1951,101026,22,171494,31103.57,362,11,Hyderabad,Premium,Mobile,2025-05-02 0:00:00,Yes,High,27205.58,146,5.8
1952,101412,57,46621,151899.09,523,5,Bangalore,SME,Branch,2025-03-30 0:00:00,Yes,High,30640.79,57,3.0
1953,101896,46,131108,77023.05,631,9,Pune,SME,Mobile,2024-05-05 0:00:00,Yes,Medium,33170.13,14,1.7
1954,101586,25,213398,95308.41,301,2,Kolkata,Premium,Mobile,2022-04-11 0:00:00,Yes,High,48167.31,1,4.2
1955,101105,31,,-,530,12,Bangalore,SME,Branch,2022-07-27 0:00:00,Yes,High,36369.25,64,3.1
1956,100206,28,110530,133036.75,364,4,Pune,Retail,Branch,2023-07-19 0:00:00,Yes,High,11703.38,30,6.2
1957,100035,66,110956,631.15,656,14,Pune,Premium,Agent,2024-04-21 0:00:00,Yes,High,,1,3.0
1958,100776,55,32421,135205.94,575,0,Pune,Corporate,Agent,2021-05-30 0:00:00,,Medium,2480.97,68,8.6
1959,100509,54,242285,209493.35,583,11,Kolkata,Corporate,Branch,2021-08-25 0:00:00,Yes,Medium,16606.83,20,5.9
1960,101452,74,158168,259488.78,488,10,Mumbai,Premium,Branch,2025-01-07 0:00:00,Yes,High,37212.21,9,3.7
1961,101479,44,236869,65372.61,448,14,bangalore,Retail,Online,2023-04-30 0:00:00,Yes,High,10993.09,130,4.8
1962,100057,31,239696,41661.4,677,2,Bangalore,,Branch,2022-12-06 0:00:00,YES,Medium,47955.19,115,7.7
1963,101391,53,177889,256948.02,524,8,Mumbai,SME,Online,2021-06-30 0:00:00,No,High,24044.72,144,
1964,100092,48,100713,3692.91,334,10,Kolkata,Retail,Branch,2022-07-24 0:00:00,Yes,High,17389.5,129,2.1
1965,101364,22,94122,68022.36,715,0,delhi,,Branch,2024-04-13 0:00:00,Yes,Low,24718.98,52,2.8
1966,100898,64,198757,242797.32,479,4,Mumbai,Retail,Mobile,,No,High,35934.58,139,2.9
1967,100565,39,135448,286896.03,842,0,Hyderabad,Retail,Mobile,2021-10-31 0:00:00,Yes,Low,5506.98,56,7.0
1968,101370,48,31643,83541.22,694,14,Kolkata,Premium,Branch,2023-08-21 0:00:00,Yes,Medium,,93,7.6
1969,100777,36,243008,201616.81,482,12,Pune,Corporate,Branch,2023-07-22 0:00:00,Yes,High,,21,2.0
1970,100242,69,74268,,548,2,Kolkata,Corporate,Branch,2025-12-05 0:00:00,Yes,High,17127.74,107,5.5
1971,100014,41,152015,245462,788,3,Hyderabad,Corporate,Mobile,2024-01-22 0:00:00,NO,Low,38953.15,48,5.7
1972,100316,47,150150,174979.96,463,12,Hyderabad,,Mobile,2024-01-10 0:00:00,No,High,36377.07,85,9.9
1973,100601,22,29114,154697.82,301,11,Pune,Retail,Mobile,2022-01-03 0:00:00,Yes,High,20833.47,97,2.6
1974,100388,39,234411,206413.33,488,5,Hyderabad,Premium,Online,2026-01-23 0:00:00,No,High,20888.93,114,4.1
1975,101298,38,219018,153044.51,675,0,Bangalore,Premium,Online,2021-08-24 0:00:00,Yes,Medium,43038.33,91,3.9
1976,100167,32,100932,220373.38,413,5,Chennai,SME,Online,2023-11-10 0:00:00,Yes,High,28869.83,76,6.8
1977,100841,35,217035,119234.45,311,10,Delhi,SME,Online,2022-06-15 0:00:00,No,High,18126.44,7,7.2
1978,100021,70,130595,135179.11,521,11,Chennai,Corporate,Mobile,2022-03-24 0:00:00,Yes,High,4344.78,124,4.5
1979,100647,63,46636,108513.08,309,5,Bangalore,Corporate,Agent,2023-11-10 0:00:00,Yes,High,43762.9,44,3.9
1980,101843,69,179455,205387.86,448,13,Delhi,Premium,Online,2024-11-14 0:00:00,No,High,48460.63,125,3.4
1981,101509,37,72299,127064.37,392,14,Delhi,Retail,Mobile,2024-11-29 0:00:00,Yes,High,23499.04,7,2.3
1982,101155,53,129797,151201.13,576,2,Delhi,SME,Agent,2022-04-18 0:00:00,Yes,Medium,17571.25,99,6.2
1983,101529,46,53228,15535.77,372,15,Bangalore,Corporate,Mobile,2024-08-28 0:00:00,Yes,High,35008.42,41,9.4
1984,100832,71,175273,179128.73,815,2,Hyderabad,Retail,Agent,2026-02-01 0:00:00,Yes,Low,24457.54,98,8.5
1985,101268,41,45567,214555.94,749,0,Mumbai,Premium,Mobile,2021-06-03 0:00:00,Yes,Low,13238.43,74,8.0
1986,101591,31,173066,15064.33,632,3,Pune,SME,Agent,2025-04-07 0:00:00,Yes,Medium,25849.14,49,6.6
1987,101900,61,88095,,767,9,Mumbai,Corporate,Mobile,2021-10-24 0:00:00,Yes,Low,32149.85,63,1.4
1988,100563,56,61487,225531.65,798,0,Mumbai,Retail,Online,2024-04-07 0:00:00,No,Low,3246.79,51,2.4
1989,101992,52,30410,109093.61,572,9,Hyderabad,Retail,Branch,2025-12-03 0:00:00,YES,Medium,42638.8,94,4.9
1990,100687,unknown,198724,29254.3,429,7,Kolkata,Corporate,Online,2025-02-28 0:00:00,yes,High,3302.44,47,1.1
1991,100958,18,48429,208988.18,696,15,Kolkata,Corporate,Agent,2022-07-24 0:00:00,Yes,Medium,7840.94,18,1.6
1992,100190,24,188268,284733.64,426,11,Bangalore,Premium,Mobile,2021-01-24 0:00:00,Yes,High,41726.03,135,5.9
1993,101807,25,134869,233236.64,751,10,Chennai,Retail,Agent,2024-08-22 0:00:00,Yes,Low,41215.53,25,1.1
1994,100976,71,53179,214392.38,536,0,Kolkata,Retail,Mobile,2021-03-24 0:00:00,Yes,High,20887.24,23,8.8
1995,100700,52,111365,68018.21,400,11,Bangalore,Retail,Agent,2025-10-03 0:00:00,Yes,High,22496.93,92,6.3
1996,101500,45,121044,209911.56,570,5,Delhi,SME,Agent,2022-11-12 0:00:00,Yes,Medium,4399.71,140,8.0
1997,101706,74,81481,,330,14,Mumbai,Corporate,Branch,2025-04-21 0:00:00,,High,4448.29,91,7.1
1998,100511,not_available,184476,285869.04,404,14,Kolkata,Retail,Mobile,2021-08-08 0:00:00,Yes,High,31217.68,62,8.1
1999,101083,43,97930,294991.7,336,8,Mumbai,SME,Branch,2022-07-26 0:00:00,No,High,43219.83,131,1.3
2000,100475,24,133856,284721.36,572,9,Chennai,SME,Agent,2021-07-24 0:00:00,1,Medium,46346.35,114,9.4
2001,101585,64,99071,28718.72,475,2,Chennai,SME,Branch,,Yes,High,,42,3.3
2002,100857,29,106437,262116.88,776,3,Pune,Retail,Branch,,,Low,45497.53,13,1.3
2003,100748,22,163299,164335.41,635,7,Hyderabad,Premium,Agent,2025-06-19 0:00:00,Y,Medium,18639.6,140,3.7
2004,100253,19,151446,84100.34,334,7,Delhi,Corporate,Branch,2025-02-07 0:00:00,Yes,High,32917.81,143,5.7
2005,100022,19,,278828.01,829,2,Delhi,Corporate,Mobile,2022-04-22 0:00:00,No,Low,46535.33,141,9.7
2006,101338,24,34596,79611.03,695,1,Chennai,Premium,Agent,2022-05-28 0:00:00,No,Medium,973.13,112,1.0
2007,100460,26,208305,284218.57,691,12,pune,Retail,Mobile,2022-05-04 0:00:00,Yes,Medium,8332.84,65,3.6
2008,101185,21,213785,286060.53,765,5,Hyderabad,Retail,Online,2021-01-29 0:00:00,Yes,Low,48016.44,not_available,4.0
2009,100277,41,73787,79850.4,790,8,Pune,Corporate,Mobile,2024-12-31 0:00:00,,Low,559.58,147,7.1
2010,100956,30,191370,6642.44,-,10,Chennai,SME,Agent,2025-12-07 0:00:00,No,High,,146,2.5
2011,101216,74,130432,38381.08,732,4,Chennai,SME,Mobile,2021-05-14 0:00:00,Yes,Low,26730.01,48,4.7
2012,100386,39,99131,163141.72,374,5,Mumbai,SME,Branch,2025-11-06 0:00:00,Yes,High,abc,99,1.5
2013,100806,75,229451,98113.39,491,14,Bangalore,SME,Mobile,2023-08-10 0:00:00,Yes,High,14091.35,21,6.8
2014,101438,57,108820,134633.64,746,15,kolkata,Corporate,Branch,2021-01-29 0:00:00,Yes,Low,14902.44,missing,2.0
2015,101516,18,163999,8175,804,11,mumbai,Retail,Agent,2023-04-22 0:00:00,Yes,High,4786.07,111,5.1
2016,100344,73,171385,38880.2,-,10,Delhi,SME,Agent,,No,Medium,4228.41,9,
2017,100770,44,48711,27628.58,504,7,Bangalore,Premium,Online,2021-04-05 0:00:00,Yes,High,29315.01,61,5.7
2018,101333,56,210413,187043.35,406,14,Kolkata,Premium,Online,2025-12-27 0:00:00,Yes,High,38452.23,36,1.8
2019,101686,34,,123148.74,331,11,Pune,Premium,Mobile,2025-03-07 0:00:00,No,High,34113.92,61,1.6
2020,100131,59,45953,39014.33,470,11,Kolkata,Corporate,Agent,2025-07-07 0:00:00,Yes,High,28921.02,96,1.4
2021,101688,,36205,66534.59,841,15,Hyderabad,Retail,Agent,2025-09-02 0:00:00,Y,Low,21752.47,34,1.7
2022,100872,25,146237,8493.38,545,2,Delhi,,Agent,2022-03-15 0:00:00,Yes,High,3787.61,24,8.4
2023,101124,62,55111,93658.91,595,7,Mumbai,SME,Agent,2023-09-03 0:00:00,No,Medium,23166.52,78,8.8
2024,101397,37,237652,129333.72,763,1,chennai,Premium,Branch,2023-04-08 0:00:00,Yes,Low,32318.77,122,9.9
2025,100088,51,214004,173779.91,686,6,Pune,Premium,Branch,2022-04-22 0:00:00,Yes,Medium,39764.87,85,4.9
2026,101483,not_available,117573,261905.82,657,2,Pune,,Branch,2022-07-02 0:00:00,Yes,Medium,39559.16,7,1.9
2027,100331,54,123511,280896.35,388,5,Pune,Premium,Mobile,2024-09-11 0:00:00,No,High,,48,6.7
2028,101239,31,125500,189174.28,846,11,Delhi,Corporate,Agent,2022-04-08 0:00:00,Yes,Low,22161.09,102,8.5
2029,100467,,101619,279182.04,392,3,Bangalore,Retail,Mobile,2023-07-26 0:00:00,Yes,High,37316.48,100,7.3
2030,100122,41,201611,40736.71,507,15,Bangalore,SME,Agent,2024-11-03 0:00:00,Yes,High,18815.18,58,7.2
2031,101639,61,128850,266135.8,840,9,Kolkata,SME,Mobile,2026-01-15 0:00:00,Yes,Low,34300.44,83,5.0
2032,101045,33,88037,129948.93,449,8,Mumbai,Premium,Mobile,2022-11-30 0:00:00,Yes,High,not_available,147,9.7
2033,101725,43,122756,36633.45,487,8,Pune,,Mobile,2021-07-04 0:00:00,No,High,10165.71,14,6.4
2034,101096,18,189232,235131.72,306,10,hyderabad,SME,Mobile,2025-09-10 0:00:00,No,High,27227.44,85,5.9
2035,101131,42,88530,153490.72,677,12,Hyderabad,Retail,Agent,2021-07-10 0:00:00,No,Medium,8455.42,119,8.6
2036,101295,31,205738,270989.4,392,8,Mumbai,Corporate,Agent,2025-07-05 0:00:00,Yes,High,34087.69,134,2.6
2037,100861,25,211994,160507.65,737,8,Kolkata,Retail,Online,2022-10-17 0:00:00,Yes,Low,26518.74,87,1.3
2038,101460,64,30105,32117.15,794,8,Bangalore,Retail,Agent,2023-08-26 0:00:00,No,Low,20943.11,107,9.3
2039,101127,55,248332,274980.99,783,6,Chennai,Retail,Branch,,Yes,Low,48511.32,119,3.1
